BusinessEntityID,NationalIDNumber,LoginID,OrganizationNode,OrganizationLevel,JobTitle,BirthDate,MaritalStatus,Gender,HireDate,SalariedFlag,VacationHours,SickLeaveHours,CurrentFlag,rowguid,ModifiedDate
1,4303,adventure-works\ken0,0x,0,Chief Executive Officer,02-03-63,S,M,15-02-03,TRUE,99,69,TRUE,{F01251E5-96A3-448D-981E-0F99D789110D},31-07-08 0:00
2,5360,adventure-works\terri0,0x58,1,Vice President of Engineering,01-09-65,S,F,03-03-02,TRUE,1,20,TRUE,{45E8F437-670D-4409-93CB-F9424A40D6EE},31-07-08 0:00
3,1849,adventure-works\roberto0,0x5AC0,2,Engineering Manager,13-12-68,M,M,12-12-01,TRUE,2,21,TRUE,{9BBBFB2C-EFBB-4217-9AB7-F97689328841},31-07-08 0:00
4,2305,adventure-works\rob0,0x5AD6,3,Senior Tool Designer,23-01-69,S,M,05-01-02,FALSE,48,80,TRUE,{59747955-87B8-443F-8ED4-F8AD3AFDF3A9},31-07-08 0:00
5,4885,adventure-works\gail0,0x5ADA,3,Design Engineer,29-10-46,M,F,06-02-02,TRUE,5,22,TRUE,{EC84AE09-F9B8-4A15-B4A9-6CCBAB919B08},31-07-08 0:00
6,3131,adventure-works\jossef0,0x5ADE,3,Design Engineer,11-04-53,M,M,24-02-02,TRUE,6,23,TRUE,{E39056F1-9CD5-478D-8945-14ACA7FBDCDD},31-07-08 0:00
7,1839,adventure-works\dylan0,0x5AE1,3,Research and Development Manager,27-03-81,M,M,12-03-03,TRUE,61,50,TRUE,{4F46DECA-EF01-41FD-9829-0ADAB368E431},31-07-08 0:00
8,3418,adventure-works\diane1,0x5AE158,4,Research and Development Engineer,06-07-80,S,F,30-01-03,TRUE,62,51,TRUE,{31112635-663B-4018-B4A2-A685C0BF48A4},31-07-08 0:00
9,3926,adventure-works\gigi0,0x5AE168,4,Research and Development Engineer,21-02-73,M,F,17-02-03,TRUE,63,51,TRUE,{50B6CDC6-7570-47EF-9570-48A64B5F2ECF},31-07-08 0:00
10,4233,adventure-works\michael6,0x5AE178,4,Research and Development Manager,01-01-79,M,M,04-06-03,TRUE,16,64,TRUE,{EAA43680-5571-40CB-AB1A-3BF68F04459E},31-07-08 0:00
11,4209,adventure-works\ovidiu0,0x5AE3,3,Senior Tool Designer,18-02-72,S,M,05-01-05,FALSE,7,23,TRUE,{F68C7C19-FAC1-438C-9BB7-AC33FCC341C3},31-07-08 0:00
12,4037,adventure-works\thierry0,0x5AE358,4,Tool Designer,29-08-53,M,M,11-01-02,FALSE,9,24,TRUE,{1D955171-E773-4FAD-8382-40FD898D5D4D},31-07-08 0:00
13,2626,adventure-works\janice0,0x5AE368,4,Tool Designer,29-06-83,M,F,23-01-05,FALSE,8,24,TRUE,{954B91B6-5AA7-48C2-8685-6E11C6E5C49A},31-07-08 0:00
14,5375,adventure-works\michael8,0x5AE5,3,Senior Design Engineer,17-07-73,S,M,30-01-05,TRUE,3,21,TRUE,{46286CA4-46DD-4DDB-9128-85B67E98D1A9},31-07-08 0:00
15,1734,adventure-works\sharon0,0x5AE7,3,Design Engineer,03-06-55,M,F,18-02-05,TRUE,4,22,TRUE,{54F2FDC0-87C4-4065-A7A8-9AC8EA624235},31-07-08 0:00
16,978,adventure-works\david0,0x68,1,Marketing Manager,19-04-69,S,M,20-01-02,TRUE,40,40,TRUE,{E87029AA-2CBA-4C03-B948-D83AF0313E28},31-07-08 0:00
17,1566,adventure-works\kevin0,0x6AC0,2,Marketing Assistant,03-06-81,S,M,26-02-01,FALSE,42,41,TRUE,{1B480240-95C0-410F-A717-EB29943C8886},31-07-08 0:00
18,4301,adventure-works\john5,0x6B40,2,Marketing Specialist,06-04-72,S,M,10-03-05,FALSE,48,44,TRUE,{64730415-1F58-4E5B-8FA8-5E4DAEBA53B4},31-07-08 0:00
19,3003,adventure-works\mary2,0x6BC0,2,Marketing Assistant,01-03-72,S,F,17-03-05,FALSE,43,41,TRUE,{1F6DA901-C7F7-48A8-8EEF-D81868D72B52},31-07-08 0:00
20,116,adventure-works\wanida0,0x6C20,2,Marketing Assistant,17-04-69,M,F,07-02-05,FALSE,41,40,TRUE,{43CCA446-DA1C-454C-8530-873AD2923E1B},31-07-08 0:00
21,4417,adventure-works\terry0,0x6C60,2,Marketing Specialist,07-03-80,M,M,03-04-03,FALSE,44,42,TRUE,{AD0D7626-4506-45C4-898F-9D7A0E13AABD},31-07-08 0:00
22,342,adventure-works\sariya0,0x6CA0,2,Marketing Specialist,21-06-81,S,M,13-01-03,FALSE,45,42,TRUE,{AF21F1B7-0691-48AD-B325-B8F2D7B2268A},31-07-08 0:00
23,4671,adventure-works\mary0,0x6CE0,2,Marketing Specialist,14-10-56,M,F,13-02-03,FALSE,46,43,TRUE,{90899830-127E-4876-85CA-7F6E03025281},31-07-08 0:00
24,5504,adventure-works\jill0,0x6D10,2,Marketing Specialist,19-07-73,M,F,19-02-03,FALSE,47,43,TRUE,{53575C58-FBA1-4C1A-B8FF-95E050B44393},31-07-08 0:00
25,4905,adventure-works\james1,0x78,1,Vice President of Production,07-02-77,S,M,07-03-03,TRUE,64,52,TRUE,{D7314F24-2AF1-429C-9BBB-4038F45F3E6C},31-07-08 0:00
26,3083,adventure-works\peter0,0x7AC0,2,Production Control Manager,04-12-76,M,M,02-01-03,TRUE,43,41,TRUE,{69D5D162-E817-45E7-9DEC-5D9B8310E7B1},17:08.6
27,265,adventure-works\jo0,0x7AD6,3,Production Supervisor - WC60,09-11-50,S,F,30-03-02,FALSE,80,60,TRUE,{83FFAAC6-B895-481F-B897-14F965D4DA47},31-07-08 0:00
28,3309,adventure-works\guy1,0x7AD6B0,4,Production Technician - WC60,15-05-76,M,M,31-07-00,FALSE,21,30,TRUE,{AAE1D04A-C237-4974-B4D5-935247737718},31-07-08 0:00
29,5007,adventure-works\mark1,0x7AD6D0,4,Production Technician - WC60,26-10-73,S,M,24-02-03,FALSE,19,29,TRUE,{CDB2C6DF-93E5-4558-91C8-424D5E7C658B},31-07-08 0:00
30,1757,adventure-works\britta0,0x7AD6F0,4,Production Technician - WC60,30-10-83,M,F,02-03-03,FALSE,14,27,TRUE,{FC12677F-42F8-4790-AD69-685088ED7E5F},31-07-08 0:00
31,369,adventure-works\margie0,0x7AD708,4,Production Technician - WC60,20-06-80,M,F,05-02-03,FALSE,18,29,TRUE,{352D6E2F-655B-49A2-9FEC-EFD7D8CD0D30},31-07-08 0:00
32,2810,adventure-works\rebecca0,0x7AD718,4,Production Technician - WC60,11-08-71,M,F,30-01-03,FALSE,23,31,TRUE,{BDADEB5C-A596-4DA1-88BA-842C7A0CC10F},31-07-08 0:00
33,3099,adventure-works\annik0,0x7AD728,4,Production Technician - WC60,27-01-71,M,M,18-01-03,FALSE,17,28,TRUE,{51FDE6AC-BD50-467C-90E5-10CA7310455C},31-07-08 0:00
34,1673,adventure-works\suchitra0,0x7AD738,4,Production Technician - WC60,11-07-81,M,F,20-03-03,FALSE,15,27,TRUE,{6ADBD932-0DA5-4F5C-AF67-8E3A53630896},31-07-08 0:00
35,3217,adventure-works\brandon0,0x7AD744,4,Production Technician - WC60,11-02-71,M,M,12-03-03,FALSE,22,31,TRUE,{CA5D1935-44E2-4C45-93BB-809E59F56796},31-07-08 0:00
36,3242,adventure-works\jose0,0x7AD74C,4,Production Technician - WC60,01-09-78,M,M,14-03-03,FALSE,20,30,TRUE,{9E912556-88BA-41EE-B946-CB84AB4C1102},31-07-08 0:00
37,953,adventure-works\chris2,0x7AD754,4,Production Technician - WC60,07-09-80,S,M,08-04-03,FALSE,16,28,TRUE,{77B384C7-AFFB-4816-992B-F5B3034EE4FF},31-07-08 0:00
38,5200,adventure-works\kim1,0x7AD75C,4,Production Technician - WC60,14-01-61,M,F,17-02-04,FALSE,24,32,TRUE,{891C27F4-28CC-44BB-BEA3-DA5EA7FBE957},31-07-08 0:00
39,4537,adventure-works\ed0,0x7AD764,4,Production Technician - WC60,12-10-65,S,M,08-03-04,FALSE,25,32,TRUE,{8EF22FB3-AF37-4B44-8862-D60A7CB09D82},31-07-08 0:00
40,475,adventure-works\jolynn0,0x7ADA,3,Production Supervisor - WC60,16-02-50,S,F,26-01-02,FALSE,82,61,TRUE,{2CC71B96-F421-485E-9832-8723337749BB},31-07-08 0:00
41,5635,adventure-works\bryan0,0x7ADAB0,4,Production Technician - WC60,28-09-67,S,M,22-02-03,FALSE,35,37,TRUE,{4652D4E4-6A27-47ED-9F51-C377E293DA28},31-07-08 0:00
42,1455,adventure-works\james0,0x7ADAD0,4,Production Technician - WC60,26-08-78,M,M,28-01-03,FALSE,39,39,TRUE,{82E52D5A-165B-4C6D-9773-C3A6B6332ECD},31-07-08 0:00
43,1676,adventure-works\nancy0,0x7ADAF0,4,Production Technician - WC60,21-12-82,M,F,03-02-03,FALSE,34,37,TRUE,{6B7EB306-9A00-496A-98A9-4E94FE72F77C},31-07-08 0:00
44,5235,adventure-works\simon0,0x7ADB08,4,Production Technician - WC60,17-06-84,S,M,09-01-03,FALSE,38,39,TRUE,{F734D38A-56B5-471E-8DED-A682E958A9B3},31-07-08 0:00
45,5738,adventure-works\thomas0,0x7ADB18,4,Production Technician - WC60,11-02-80,M,M,30-03-03,FALSE,37,38,TRUE,{8FF3AF67-32F2-4A08-98C3-A40F842D41A3},31-07-08 0:00
46,1452,adventure-works\eugene1,0x7ADB28,4,Production Technician - WC60,13-03-70,S,M,12-03-03,FALSE,36,38,TRUE,{33543B35-77DA-4600-A41B-1EAFEA0AD643},31-07-08 0:00
47,2349,adventure-works\andrew0,0x7ADE,3,Production Supervisor - WC10,08-10-82,S,M,26-03-03,FALSE,65,52,TRUE,{08365B05-C143-4260-A93C-6B69418B1946},31-07-08 0:00
48,3354,adventure-works\ruth0,0x7ADEB0,4,Production Technician - WC10,06-07-50,M,F,06-02-02,FALSE,83,61,TRUE,{3E3B6905-209E-442E-B8A8-9A0980241C6A},31-07-08 0:00
49,2097,adventure-works\barry0,0x7ADED0,4,Production Technician - WC10,27-04-50,S,M,07-02-02,FALSE,88,64,TRUE,{756A60AE-378F-43D8-9F93-1E821D1EAF52},31-07-08 0:00
50,5732,adventure-works\sidney0,0x7ADEF0,4,Production Technician - WC10,01-10-50,M,M,05-03-02,FALSE,84,62,TRUE,{40D603D9-7F99-48B7-A580-B17CF429BED2},31-07-08 0:00
51,5248,adventure-works\jeffrey0,0x7ADF08,4,Production Technician - WC10,12-08-50,S,M,23-03-02,FALSE,85,62,TRUE,{6E086F41-B81D-4BDC-9F13-0EEC488DC43E},31-07-08 0:00
52,4390,adventure-works\doris0,0x7ADF18,4,Production Technician - WC10,06-05-50,M,F,11-04-02,FALSE,86,63,TRUE,{692B8826-03B4-4C3B-82FC-1FC6F1409689},31-07-08 0:00
53,5637,adventure-works\diane0,0x7ADF28,4,Production Technician - WC10,30-04-50,M,F,29-04-02,FALSE,87,63,TRUE,{C334B2D2-0C56-4906-9095-F1D07A98CBEC},31-07-08 0:00
54,5227,adventure-works\bonnie0,0x7ADF38,4,Production Technician - WC10,11-10-80,M,F,02-02-04,FALSE,89,64,TRUE,{E950A52A-DF61-4FEC-9063-545664D65B89},31-07-08 0:00
55,3238,adventure-works\taylor0,0x7AE1,3,Production Supervisor - WC50,03-05-50,M,M,11-03-02,FALSE,79,59,TRUE,{28F7EF89-2793-4989-B67D-25046543C1E3},31-07-08 0:00
56,3515,adventure-works\denise0,0x7AE158,4,Production Technician - WC50,07-08-82,M,F,09-03-03,FALSE,9,24,TRUE,{77878C43-F16E-437D-892F-3CFCC0715A0A},31-07-08 0:00
57,807,adventure-works\frank1,0x7AE168,4,Production Technician - WC50,24-08-65,S,M,27-03-03,FALSE,10,25,TRUE,{B395CD84-77BA-4D3C-A49D-D9E8D6CF100B},31-07-08 0:00
58,2363,adventure-works\kendall0,0x7AE178,4,Production Technician - WC50,30-06-80,M,M,06-01-03,FALSE,11,25,TRUE,{65207627-5521-4A8E-AD3C-B2F1B5226B85},31-07-08 0:00
59,1192,adventure-works\bob0,0x7AE184,4,Production Technician - WC50,16-09-73,S,M,25-01-03,FALSE,12,26,TRUE,{68616AEA-81E5-4940-A7E4-6FBA882BCCF6},31-07-08 0:00
60,4653,adventure-works\pete0,0x7AE18C,4,Production Technician - WC50,07-03-71,S,M,12-02-03,FALSE,13,26,TRUE,{1F1D813D-3EDC-4274-8E9B-4519D71685B6},31-07-08 0:00
61,5089,adventure-works\diane2,0x7AE194,4,Production Technician - WC50,10-09-83,S,F,19-02-03,FALSE,8,24,TRUE,{721A2921-C415-46DE-9111-13F25F428B8B},31-07-08 0:00
62,3396,adventure-works\john0,0x7AE3,3,Production Supervisor - WC60,08-09-50,M,M,18-04-02,FALSE,81,60,TRUE,{D4ED1F78-7C28-479B-BFEF-A73228BA2AAA},31-07-08 0:00
63,5703,adventure-works\maciej0,0x7AE358,4,Production Technician - WC60,02-03-49,S,M,01-03-04,FALSE,30,35,TRUE,{3229D93F-6A14-4BAC-ABC5-A91B9ECFB4D3},31-07-08 0:00
64,4418,adventure-works\michael7,0x7AE368,4,Production Technician - WC60,07-10-67,S,M,26-03-04,FALSE,26,33,TRUE,{492B24BD-BDE9-4371-B96E-CCD72264B91F},31-07-08 0:00
65,3689,adventure-works\randy0,0x7AE378,4,Production Technician - WC60,29-05-64,M,M,26-03-04,FALSE,29,34,TRUE,{9A08108D-E039-4862-8F93-55F18017AD72},31-07-08 0:00
66,1673,adventure-works\karan0,0x7AE384,4,Production Technician - WC60,07-04-64,S,M,23-01-04,FALSE,28,34,TRUE,{08B1BA74-DD80-4FDA-8327-93268B84977B},31-07-08 0:00
67,726,adventure-works\jay0,0x7AE38C,4,Production Technician - WC60,14-03-70,S,M,06-04-03,FALSE,32,36,TRUE,{18187809-5294-474F-85A1-D5BE6BD518D6},31-07-08 0:00
68,2289,adventure-works\charles0,0x7AE394,4,Production Technician - WC60,03-10-65,S,M,04-01-04,FALSE,27,33,TRUE,{CDC11292-DF74-4FB0-8676-5B2AA4687142},31-07-08 0:00
69,165,adventure-works\steve0,0x7AE39C,4,Production Technician - WC60,07-05-85,S,M,19-03-03,FALSE,31,35,TRUE,{12F678D7-EAD3-4CF4-8518-A19AACF2A6D4},31-07-08 0:00
70,253,adventure-works\david2,0x7AE3A2,4,Production Technician - WC60,30-01-79,M,M,16-01-03,FALSE,33,36,TRUE,{FC617BB8-D2A3-4374-873C-8EF38D80127D},31-07-08 0:00
71,1371,adventure-works\michael3,0x7AE5,3,Production Supervisor - WC30,02-03-83,S,M,19-03-03,FALSE,70,55,TRUE,{1AD772D7-7B4A-4A7B-8676-49DD7608CB94},31-07-08 0:00
72,1659,adventure-works\steven0,0x7AE558,4,Production Technician - WC30,15-06-71,M,M,02-01-03,FALSE,41,40,TRUE,{0A8937C9-68AA-4D48-BA4E-B40493D764AA},31-07-08 0:00
73,2568,adventure-works\carole0,0x7AE568,4,Production Technician - WC30,19-11-77,M,F,20-01-03,FALSE,42,41,TRUE,{C76A41F1-A390-4AE4-A82A-2A87764C6391},31-07-08 0:00
74,493,adventure-works\bjorn0,0x7AE578,4,Production Technician - WC30,08-12-83,S,M,08-02-03,FALSE,43,41,TRUE,{A942E1E0-2D5E-4858-97C0-947020E96860},31-07-08 0:00
75,4433,adventure-works\michiko0,0x7AE584,4,Production Technician - WC30,28-07-76,S,M,27-02-03,FALSE,44,42,TRUE,{F359F5B6-5E18-4C62-8531-14D951911CE5},31-07-08 0:00
76,4628,adventure-works\carol0,0x7AE58C,4,Production Technician - WC30,18-11-82,M,F,16-03-03,FALSE,45,42,TRUE,{8D0182A3-5B59-4EEA-9B3C-C7F05DA9A2CE},31-07-08 0:00
77,2542,adventure-works\merav0,0x7AE594,4,Production Technician - WC30,13-06-77,M,F,04-04-03,FALSE,46,43,TRUE,{2EE7914A-62D3-473B-A0E1-E4E55341EC4E},31-07-08 0:00
78,1793,adventure-works\reuben0,0x7AE7,3,Production Supervisor - WC40,27-09-81,M,M,16-01-03,FALSE,72,56,TRUE,{71EEE2A6-B9B3-4BF4-8949-01239DF7C901},31-07-08 0:00
79,2517,adventure-works\eric1,0x7AE758,4,Production Technician - WC40,08-01-61,M,M,25-02-04,FALSE,60,50,TRUE,{55F62E38-9457-46C8-A824-E46A3117A935},31-07-08 0:00
80,5520,adventure-works\sandeep0,0x7AE768,4,Production Technician - WC40,03-01-65,S,M,18-02-04,FALSE,65,52,TRUE,{606C21E2-3EC0-48A6-A9FE-6BC8123AC786},31-07-08 0:00
81,2877,adventure-works\mihail0,0x7AE778,4,Production Technician - WC40,09-04-65,S,M,30-01-04,FALSE,64,52,TRUE,{03A9BA14-0D5B-4671-B851-2C1721EFBF01},31-07-08 0:00
82,1618,adventure-works\jack1,0x7AE784,4,Production Technician - WC40,30-09-67,S,M,03-04-04,FALSE,62,51,TRUE,{D308D387-F7F3-4B5F-ABDA-FAF5574245CD},31-07-08 0:00
83,2688,adventure-works\patrick1,0x7AE78C,4,Production Technician - WC40,24-01-68,M,M,15-03-04,FALSE,61,50,TRUE,{296C52AE-169F-4292-975D-C508476DCECF},31-07-08 0:00
84,636,adventure-works\frank3,0x7AE794,4,Production Technician - WC40,03-04-46,M,M,08-03-04,FALSE,66,53,TRUE,{9AF24ACC-EA3E-4EFE-B5E3-4762C496D57C},31-07-08 0:00
85,335,adventure-works\brian2,0x7AE79C,4,Production Technician - WC40,23-01-65,S,M,12-01-04,FALSE,63,51,TRUE,{C294F676-CAAF-4924-9730-BC81AE408BE1},31-07-08 0:00
86,4976,adventure-works\ryan0,0x7AE7A2,4,Production Technician - WC40,15-07-66,M,M,06-02-03,FALSE,59,49,TRUE,{10E5BD6F-2B9C-4192-A94D-6A2D50EA1ADB},31-07-08 0:00
87,1250,adventure-works\cristian0,0x7AE880,3,Production Supervisor - WC10,13-05-78,M,M,23-01-03,FALSE,67,53,TRUE,{5BE16416-8570-417D-9E54-047DB468B5E9},31-07-08 0:00
88,1953,adventure-works\betsy0,0x7AE8AC,4,Production Technician - WC10,17-01-61,S,F,19-01-04,FALSE,99,69,TRUE,{EBCDBA1C-6C1D-4D36-90F7-1893755C85E3},31-07-08 0:00
89,2948,adventure-works\patrick0,0x7AE8B4,4,Production Technician - WC10,11-10-80,S,M,04-03-04,FALSE,96,68,TRUE,{D5FBE9E6-B8C5-484C-B4B8-48059E0EF267},31-07-08 0:00
90,5237,adventure-works\danielle0,0x7AE8BC,4,Production Technician - WC10,08-10-80,S,F,23-03-04,FALSE,97,68,TRUE,{BB886159-1400-4264-B7C9-A3769BEB1274},31-07-08 0:00
91,3579,adventure-works\kimberly0,0x7AE8C2,4,Production Technician - WC10,14-10-80,S,F,13-02-04,FALSE,95,67,TRUE,{CE256B6C-1EEE-43ED-9969-7CAC480FF4D7},31-07-08 0:00
92,952,adventure-works\tom0,0x7AE8C6,4,Production Technician - WC10,01-11-80,M,M,10-04-04,FALSE,98,69,TRUE,{B3BF7FC5-2014-48CE-B7BB-76124FA8446C},31-07-08 0:00
93,2198,adventure-works\kok-ho0,0x7AE980,3,Production Supervisor - WC50,30-05-74,S,M,28-01-03,FALSE,78,59,TRUE,{57FB2C0F-B105-49F0-967A-88F3D743CB3F},31-07-08 0:00
94,3962,adventure-works\russell0,0x7AE9AC,4,Production Technician - WC50,27-12-66,M,M,13-01-03,FALSE,6,23,TRUE,{6B10192F-D570-47C4-82C9-3D979B1EFDC1},31-07-08 0:00
95,1979,adventure-works\jim0,0x7AE9B4,4,Production Technician - WC50,09-10-80,M,M,20-01-03,FALSE,1,20,TRUE,{6175876E-8FCC-4917-BE06-FC358515E6DF},31-07-08 0:00
96,5389,adventure-works\elizabeth0,0x7AE9BC,4,Production Technician - WC50,26-02-84,M,F,03-04-03,FALSE,5,22,TRUE,{62A9F73F-6443-4F2F-B864-18186614BFB6},31-07-08 0:00
97,4831,adventure-works\mandar0,0x7AE9C2,4,Production Technician - WC50,21-04-80,S,M,14-03-03,FALSE,0,20,TRUE,{1F0E068A-48C5-40BF-8190-565150EFDADD},31-07-08 0:00
98,5137,adventure-works\sameer0,0x7AE9C6,4,Production Technician - WC50,27-07-72,M,M,15-03-03,FALSE,4,22,TRUE,{A703169F-1563-488E-914D-D784FD07F29A},31-07-08 0:00
99,5794,adventure-works\nuan0,0x7AE9CA,4,Production Technician - WC50,29-04-73,S,M,07-02-03,FALSE,2,21,TRUE,{A6089357-2F2F-48CC-AB3C-D9B75A3C09D7},31-07-08 0:00
100,491,adventure-works\lolan0,0x7AE9CE,4,Production Technician - WC50,25-02-67,M,M,13-02-03,FALSE,7,23,TRUE,{9B9B768D-7CC1-4DCE-87CB-765AB73A6AFF},31-07-08 0:00
101,1058,adventure-works\houman0,0x7AE9D1,4,Production Technician - WC50,30-09-65,M,M,26-02-03,FALSE,3,21,TRUE,{9CE8B2E8-9944-4BA5-97DE-441D8314F161},31-07-08 0:00
102,2307,adventure-works\zheng0,0x7AEA80,3,Production Supervisor - WC10,26-11-77,S,M,04-01-03,FALSE,66,53,TRUE,{C75F2740-ACE3-4EBF-91C5-7AB352E1095F},31-07-08 0:00
103,1328,adventure-works\ebru0,0x7AEAAC,4,Production Technician - WC10,23-10-80,S,M,07-01-04,FALSE,93,66,TRUE,{6C25A32B-88B5-4F84-A129-F7F688DFA588},31-07-08 0:00
104,71,adventure-works\mary1,0x7AEAB4,4,Production Technician - WC10,20-10-80,M,F,26-01-04,FALSE,94,67,TRUE,{6DC9F7D0-5664-4E4A-90F5-7AB85EBB02E6},31-07-08 0:00
105,5251,adventure-works\kevin2,0x7AEABC,4,Production Technician - WC10,20-10-80,S,M,26-01-04,FALSE,90,65,TRUE,{8B21E53D-E705-479A-B32E-6E63AC2F4BCD},31-07-08 0:00
106,916,adventure-works\john4,0x7AEAC2,4,Production Technician - WC10,29-10-80,S,M,30-03-04,FALSE,92,66,TRUE,{D4CF23D9-21B6-45E4-827C-22890DF0373B},31-07-08 0:00
107,539,adventure-works\christopher0,0x7AEAC6,4,Production Technician - WC10,01-11-80,M,M,11-03-04,FALSE,91,65,TRUE,{F71C6055-557B-4660-86FF-8C0FA14B24E6},31-07-08 0:00
108,5252,adventure-works\jinghao0,0x7AEB80,3,Production Supervisor - WC50,09-03-83,S,M,09-01-03,FALSE,77,58,TRUE,{2BCA07D3-F2AC-4406-904F-E09156F3EB3E},31-07-08 0:00
109,3723,adventure-works\alice0,0x7AEBAC,4,Production Technician - WC50,27-02-72,M,F,08-01-03,FALSE,95,67,TRUE,{7E632B21-0D11-4BBA-8A68-8CAE14C20AE6},31-07-08 0:00
110,1299,adventure-works\jun0,0x7AEBB4,4,Production Technician - WC50,06-08-73,S,M,15-01-03,FALSE,90,65,TRUE,{9C5F84D1-FB96-4D82-92A1-F932903DEAAD},31-07-08 0:00
111,2856,adventure-works\suroor0,0x7AEBBC,4,Production Technician - WC50,28-03-72,S,M,18-01-03,FALSE,93,66,TRUE,{14010B0E-C101-4E41-B788-21923399E512},31-07-08 0:00
112,1039,adventure-works\john1,0x7AEBC2,4,Production Technician - WC50,01-07-72,S,M,02-02-03,FALSE,91,65,TRUE,{B6998410-EE0F-4307-9E6E-FE348F11012D},31-07-08 0:00
113,1042,adventure-works\linda0,0x7AEBC6,4,Production Technician - WC50,17-08-81,M,F,26-01-03,FALSE,96,68,TRUE,{FB84759C-B687-43B2-8727-125EFE0F5E13},31-07-08 0:00
114,4371,adventure-works\mindaugas0,0x7AEBCA,4,Production Technician - WC50,07-06-72,M,M,14-02-03,FALSE,97,68,TRUE,{1D784088-DACB-4185-9F60-3D2DB4925BA5},31-07-08 0:00
115,3876,adventure-works\angela0,0x7AEBCE,4,Production Technician - WC50,01-07-85,S,F,21-02-03,FALSE,92,66,TRUE,{4958E1C3-C872-4222-954E-09D2060EA7EF},31-07-08 0:00
116,5126,adventure-works\michael2,0x7AEBD1,4,Production Technician - WC50,03-06-68,S,M,04-03-03,FALSE,98,69,TRUE,{C6EB2566-CF28-4602-9A25-5B91C8728838},31-07-08 0:00
117,15,adventure-works\chad0,0x7AEBD3,4,Production Technician - WC50,04-09-84,M,M,22-03-03,FALSE,99,69,TRUE,{83A32D4C-4725-478F-9997-91739BB957BA},31-07-08 0:00
118,3326,adventure-works\don0,0x7AEBD5,4,Production Technician - WC50,14-07-65,M,M,17-03-03,FALSE,88,64,TRUE,{E720053D-922E-4C91-B81A-A1CA4EF8BB0E},31-07-08 0:00
119,4246,adventure-works\michael4,0x7AEBD7,4,Production Technician - WC50,17-07-83,S,M,29-03-03,FALSE,94,67,TRUE,{EB27C026-9470-4450-8D5E-1F38A41793B5},31-07-08 0:00
120,716,adventure-works\kitti0,0x7AEBD9,4,Production Technician - WC50,07-07-81,S,F,05-04-03,FALSE,89,64,TRUE,{49A05524-FA34-45B1-95BC-489901DC5B50},31-07-08 0:00
121,595,adventure-works\pilar0,0x7AEC80,3,Shipping and Receiving Supervisor,11-10-66,S,M,03-02-03,TRUE,93,66,TRUE,{01BCCE22-D63A-4C3F-9BA8-D3D5A4C3BD52},31-07-08 0:00
122,2437,adventure-works\susan0,0x7AECAC,4,Stocker,20-03-72,S,F,08-01-03,FALSE,97,68,TRUE,{923ECFD6-E202-429A-9141-6CB183531439},31-07-08 0:00
123,5536,adventure-works\vamsi0,0x7AECB4,4,Shipping and Receiving Clerk,19-04-71,M,M,08-01-03,FALSE,95,67,TRUE,{A8838AB2-99DE-415C-8675-D82EBF1C4752},31-07-08 0:00
124,4748,adventure-works\kim0,0x7AECBC,4,Stocker,01-06-78,S,F,27-01-03,FALSE,98,69,TRUE,{6150F197-7923-40D4-84F2-936207D468AB},31-07-08 0:00
125,4144,adventure-works\matthias0,0x7AECC2,4,Shipping and Receiving Clerk,13-12-67,M,M,21-02-03,FALSE,94,67,TRUE,{54ED63DC-C62C-4CC7-89C2-015DF49C49A5},31-07-08 0:00
126,4549,adventure-works\jimmy0,0x7AECC6,4,Stocker,05-06-79,M,M,30-03-03,FALSE,96,68,TRUE,{96442787-9520-4955-A457-38AFDDB6FF13},31-07-08 0:00
127,3160,adventure-works\david4,0x7AED80,3,Production Supervisor - WC40,02-08-77,S,M,04-02-03,FALSE,73,56,TRUE,{516538E8-115B-44F4-AA7B-E6C1D9F8ADFC},31-07-08 0:00
128,3097,adventure-works\paul0,0x7AEDAC,4,Production Technician - WC40,15-12-74,S,M,05-01-03,FALSE,68,54,TRUE,{0217049E-1566-42B6-8027-41B751E2B00B},31-07-08 0:00
129,228,adventure-works\gary0,0x7AEDB4,4,Production Technician - WC40,17-06-82,S,M,23-01-03,FALSE,69,54,TRUE,{A03D6052-1F85-4EBE-AAC9-B67CFDCD91A6},31-07-08 0:00
130,2805,adventure-works\rob1,0x7AEDBC,4,Production Technician - WC40,05-09-67,S,M,17-03-03,FALSE,71,55,TRUE,{54FDA597-6822-42B4-B128-63ECA03071F2},31-07-08 0:00
131,4223,adventure-works\baris0,0x7AEDC2,4,Production Technician - WC40,07-11-84,S,M,19-03-03,FALSE,72,56,TRUE,{232D68BF-DF58-48F9-9235-53BD4B009B4B},31-07-08 0:00
132,5193,adventure-works\nicole0,0x7AEDC6,4,Production Technician - WC40,10-05-80,M,F,26-03-03,FALSE,67,53,TRUE,{15671E3B-016F-41FD-840B-5A9F7D776D9A},31-07-08 0:00
133,4226,adventure-works\michael1,0x7AEDCA,4,Production Technician - WC40,04-02-85,S,M,11-02-03,FALSE,70,55,TRUE,{416BF905-7D6C-4692-8FD6-40F6C4F9ECC4},31-07-08 0:00
134,781,adventure-works\eric0,0x7AEE80,3,Production Supervisor - WC20,20-02-79,M,M,15-02-03,FALSE,40,40,TRUE,{2ABCF39B-88D7-49FA-820A-83D223322BA5},31-07-08 0:00
135,253,adventure-works\ivo0,0x7AEEAC,4,Production Technician - WC20,04-02-76,M,M,05-01-03,FALSE,9,24,TRUE,{D83A26F3-7EA7-477B-A5BB-7EAADFC13A09},31-07-08 0:00
136,979,adventure-works\sylvester0,0x7AEEB4,4,Production Technician - WC20,13-12-64,M,M,12-01-04,FALSE,4,22,TRUE,{D9C43D08-3882-4E5C-BDF0-F6BD7004CD04},31-07-08 0:00
137,4045,adventure-works\anibal0,0x7AEEBC,4,Production Technician - WC20,06-10-68,S,F,27-03-03,FALSE,8,24,TRUE,{BC18A829-F0CE-4EAF-9785-2D84C86F925A},31-07-08 0:00
138,1378,adventure-works\samantha0,0x7AEEC2,4,Production Technician - WC20,23-12-81,M,F,08-03-03,FALSE,7,23,TRUE,{1629EDDD-D0AE-4CB9-A59C-3A175F7027E5},31-07-08 0:00
139,3763,adventure-works\hung-fu0,0x7AEEC6,4,Production Technician - WC20,23-11-65,S,M,07-02-04,FALSE,0,20,TRUE,{065D8D5F-9504-4FFE-98DC-E69677F19F15},31-07-08 0:00
140,1285,adventure-works\prasanna0,0x7AEECA,4,Production Technician - WC20,01-06-47,M,M,23-02-04,FALSE,5,22,TRUE,{72ED240A-0FD8-4423-8A49-9078BA6BCF6C},31-07-08 0:00
141,5410,adventure-works\min0,0x7AEECE,4,Production Technician - WC20,11-10-68,M,M,25-02-04,FALSE,1,20,TRUE,{CC75C35D-1566-43FA-B2E9-D1E508EFDCD1},31-07-08 0:00
142,4369,adventure-works\olinda0,0x7AEED1,4,Production Technician - WC20,05-05-64,S,F,04-04-04,FALSE,3,21,TRUE,{6456CEC3-9B1E-4EBC-9FD8-732B93363F65},31-07-08 0:00
143,2899,adventure-works\krishna0,0x7AEED3,4,Production Technician - WC20,06-10-65,S,M,16-03-04,FALSE,2,21,TRUE,{42A506A5-0AC0-4148-B702-BB7B804EF98C},31-07-08 0:00
144,3647,adventure-works\paul1,0x7AEED5,4,Production Technician - WC20,05-12-84,M,M,18-02-03,FALSE,6,23,TRUE,{DC5BA622-B860-41EE-AF92-5FEB4779B589},31-07-08 0:00
145,1520,adventure-works\cynthia0,0x7AEF80,3,Production Supervisor - WC30,19-09-75,S,F,28-02-03,FALSE,69,54,TRUE,{F9E1DC46-0D03-4A8A-B693-1A964BC13E6C},31-07-08 0:00
146,5175,adventure-works\jianshuo0,0x7AEFAC,4,Production Technician - WC30,27-08-77,S,M,08-01-03,FALSE,36,38,TRUE,{6FFF136A-9664-4EB9-9243-FAC76E21B9DD},31-07-08 0:00
147,2684,adventure-works\sandra0,0x7AEFB4,4,Production Technician - WC30,06-12-69,M,F,27-01-03,FALSE,37,38,TRUE,{F69F3FF9-E1E0-4419-A6BF-F705E1556160},31-07-08 0:00
148,1398,adventure-works\jason0,0x7AEFBC,4,Production Technician - WC30,08-01-83,S,M,15-02-03,FALSE,38,39,TRUE,{C16C501D-942D-4EB0-B5C4-EF8119FBEBA2},31-07-08 0:00
149,2165,adventure-works\andy0,0x7AEFC2,4,Production Technician - WC30,20-11-77,M,M,04-03-03,FALSE,39,39,TRUE,{615A6BFE-3046-4037-9764-238535F725BE},31-07-08 0:00
150,323,adventure-works\michael5,0x7AEFC6,4,Production Technician - WC30,19-10-76,M,M,30-03-03,FALSE,35,37,TRUE,{2B0876D4-8996-4E71-A613-BE2E98E7ACCF},31-07-08 0:00
151,3832,adventure-works\rostislav0,0x7AEFCA,4,Production Technician - WC30,15-10-71,M,M,23-03-03,FALSE,40,40,TRUE,{00027A8C-C2F8-4A31-ABA8-8A203638B8F1},31-07-08 0:00
152,3639,adventure-works\yuhong0,0x7AF044,3,Production Supervisor - WC20,08-05-71,M,M,05-03-03,FALSE,41,40,TRUE,{F1A684F4-02DB-4B22-8977-6D8D3A21100E},31-07-08 0:00
153,4662,adventure-works\hanying0,0x7AF04560,4,Production Technician - WC20,16-11-68,S,M,17-01-03,FALSE,15,27,TRUE,{618B71BC-6E8C-492D-8862-B9EFB7A4E06A},31-07-08 0:00
154,1563,adventure-works\raymond0,0x7AF045A0,4,Production Technician - WC20,02-04-61,M,M,24-01-03,FALSE,10,25,TRUE,{9F01E1FB-B893-40CC-9F5C-AAF89F9B7AF5},31-07-08 0:00
155,5113,adventure-works\fadi0,0x7AF045E0,4,Production Technician - WC20,19-03-83,S,M,05-02-03,FALSE,16,28,TRUE,{9923376F-26D0-4845-9D99-CC3D696CAEB8},31-07-08 0:00
156,1306,adventure-works\lane0,0x7AF04610,4,Production Technician - WC20,24-10-68,M,M,12-02-03,FALSE,11,25,TRUE,{042427B8-3883-4A87-A6A3-724EE1690F49},31-07-08 0:00
157,3439,adventure-works\linda1,0x7AF04630,4,Production Technician - WC20,06-11-71,S,F,07-03-03,FALSE,12,26,TRUE,{F963F913-449E-4EBB-BFDA-FC0C3010DB65},31-07-08 0:00
158,2776,adventure-works\shelley0,0x7AF04650,4,Production Technician - WC20,08-01-81,S,F,08-04-03,FALSE,14,27,TRUE,{13942056-2930-4490-83CE-AF2386D5A5E7},31-07-08 0:00
159,1301,adventure-works\terrence0,0x7AF04670,4,Production Technician - WC20,09-01-79,S,M,20-03-03,FALSE,13,26,TRUE,{4DA76442-5EEF-41FB-AE19-16C55714F9AD},31-07-08 0:00
160,4926,adventure-works\jeff0,0x7AF04C,3,Production Supervisor - WC45,16-02-71,M,M,22-02-03,FALSE,74,57,TRUE,{7C7D459E-1F49-427D-9BD5-DE31880C85DC},31-07-08 0:00
161,4065,adventure-works\kirk0,0x7AF04D60,4,Production Technician - WC45,10-03-79,S,M,16-01-03,FALSE,74,57,TRUE,{08D25BAA-167B-499C-8B51-31DCC856A8CF},31-07-08 0:00
162,3874,adventure-works\laura0,0x7AF04DA0,4,Production Technician - WC45,26-01-75,S,F,04-02-03,FALSE,75,57,TRUE,{FCCD65BA-2702-4409-AE56-75AF1710AC78},31-07-08 0:00
163,2517,adventure-works\alex0,0x7AF04DE0,4,Production Technician - WC45,14-05-84,M,M,12-03-03,FALSE,77,58,TRUE,{B96BC9C2-5A25-4A9B-887A-C7C10E47B80C},31-07-08 0:00
164,2800,adventure-works\andrew1,0x7AF04E10,4,Production Technician - WC45,26-10-82,S,M,07-04-03,FALSE,73,56,TRUE,{A2A2CF20-4E5C-45F7-A7BD-1B94F0C3A43A},31-07-08 0:00
165,4791,adventure-works\chris0,0x7AF04E30,4,Production Technician - WC45,17-01-83,M,M,23-02-03,FALSE,76,58,TRUE,{300223F3-5587-4230-909B-D9C4AFD6D683},31-07-08 0:00
166,1937,adventure-works\jack0,0x7AF054,3,Production Supervisor - WC30,23-07-77,S,M,25-03-03,FALSE,68,54,TRUE,{69A47230-70EE-48FD-AC15-C39F3712FF14},31-07-08 0:00
167,845,adventure-works\david1,0x7AF05560,4,Production Technician - WC30,03-12-73,S,M,03-01-03,FALSE,25,32,TRUE,{ED7EE92E-A9D0-4E3A-8DEE-4B143E459F7E},31-07-08 0:00
168,471,adventure-works\garrett0,0x7AF055A0,4,Production Technician - WC30,26-09-78,S,M,08-01-03,FALSE,34,37,TRUE,{A6F5F72F-AA03-41B7-8B6E-B123BD360753},31-07-08 0:00
169,4411,adventure-works\susan1,0x7AF055E0,4,Production Technician - WC30,03-05-77,S,F,15-01-03,FALSE,31,35,TRUE,{F73D75D5-B47B-46EE-AD11-7BF13DD6C55D},31-07-08 0:00
170,1090,adventure-works\george0,0x7AF05610,4,Production Technician - WC30,18-05-71,M,M,22-01-03,FALSE,26,33,TRUE,{01B119A2-2AF3-4775-818E-B421FECB07A7},31-07-08 0:00
171,470,adventure-works\david3,0x7AF05630,4,Production Technician - WC30,04-09-75,S,M,03-02-03,FALSE,32,36,TRUE,{84C358D4-2493-452C-B7D6-B212C893A009},31-07-08 0:00
172,2645,adventure-works\marc0,0x7AF05650,4,Production Technician - WC30,24-11-80,M,M,17-02-03,FALSE,22,31,TRUE,{1F151ABC-DB4A-431A-8A5D-15F46C5B8FFC},31-07-08 0:00
173,1459,adventure-works\eugene0,0x7AF05670,4,Production Technician - WC30,15-08-81,S,M,22-02-03,FALSE,33,36,TRUE,{1BA1D374-18AE-48ED-938F-6F5D2EEC4D4D},31-07-08 0:00
174,5771,adventure-works\benjamin0,0x7AF05688,4,Production Technician - WC30,06-02-80,S,M,28-02-03,FALSE,28,34,TRUE,{F1A6F824-895B-4A0F-AF1B-05FBA703E69F},31-07-08 0:00
175,377,adventure-works\reed0,0x7AF05698,4,Production Technician - WC30,09-02-83,M,M,06-03-03,FALSE,23,31,TRUE,{B3967C00-7014-4960-AF15-B1A6D3094F6F},31-07-08 0:00
176,1003,adventure-works\david7,0x7AF056A8,4,Production Technician - WC30,25-10-79,M,M,18-03-03,FALSE,29,34,TRUE,{85AFB689-7EAB-41A8-B154-9446195D5BDE},31-07-08 0:00
177,5732,adventure-works\russell1,0x7AF056B8,4,Production Technician - WC30,14-03-76,M,M,25-03-03,FALSE,24,32,TRUE,{D54C7989-2675-4EF3-B392-370A8D264B2B},31-07-08 0:00
178,914,adventure-works\john3,0x7AF056C8,4,Production Technician - WC30,24-04-76,S,M,04-04-03,FALSE,27,33,TRUE,{96C7EAB1-6DEA-4C59-AFD8-923F0E8DE1F6},31-07-08 0:00
179,2315,adventure-works\jan0,0x7AF056D8,4,Production Technician - WC30,16-12-68,S,M,06-04-03,FALSE,30,35,TRUE,{975F827D-BE71-4EB1-8DBF-E6C451D1FAD5},31-07-08 0:00
180,5224,adventure-works\katie0,0x7AF05C,3,Production Supervisor - WC20,20-12-78,S,F,24-03-03,FALSE,42,41,TRUE,{5BE8B211-CBE5-45D8-84FD-23F36A881473},31-07-08 0:00
181,406,adventure-works\michael0,0x7AF05D60,4,Production Technician - WC20,19-12-78,S,M,10-01-03,FALSE,20,30,TRUE,{4FD6FE82-535A-4DD1-BEB1-154A8B5E42F0},31-07-08 0:00
182,3580,adventure-works\nitin0,0x7AF05DA0,4,Production Technician - WC20,01-01-81,S,M,29-01-03,FALSE,21,30,TRUE,{EBBC6787-3F2D-4F6B-9EA3-4DEF02EF382E},31-07-08 0:00
183,4642,adventure-works\barbara0,0x7AF05DE0,4,Production Technician - WC20,02-08-73,M,F,23-02-03,FALSE,17,28,TRUE,{045C9CBB-3448-4599-9FA9-6C7A9F82F832},31-07-08 0:00
184,1376,adventure-works\john2,0x7AF05E10,4,Production Technician - WC20,06-05-80,M,M,13-03-03,FALSE,18,29,TRUE,{BAB69951-28AD-4BCA-B5AC-032746D0CC6F},31-07-08 0:00
185,3571,adventure-works\stefen0,0x7AF05E30,4,Production Technician - WC20,21-01-70,S,M,01-04-03,FALSE,19,29,TRUE,{B9EEBF9F-F694-4BC2-98EC-9B4FB0379EDF},31-07-08 0:00
186,5076,adventure-works\shane0,0x7AF064,3,Production Supervisor - WC45,24-06-84,S,M,12-03-03,FALSE,75,57,TRUE,{2625C358-672A-4000-AD67-B8CD3F318285},31-07-08 0:00
187,3857,adventure-works\yvonne0,0x7AF06560,4,Production Technician - WC45,17-05-83,M,F,10-01-03,FALSE,79,59,TRUE,{83C6DABF-FD7D-4F5B-BB22-EB7EEBB9A772},31-07-08 0:00
188,1613,adventure-works\douglas0,0x7AF065A0,4,Production Technician - WC45,26-12-79,M,M,28-01-03,FALSE,80,60,TRUE,{1AB0EDEB-7558-4734-8423-5A11B44DCA35},31-07-08 0:00
189,5386,adventure-works\janeth0,0x7AF065E0,4,Production Technician - WC45,25-08-66,S,F,16-02-03,FALSE,81,60,TRUE,{8261B8CB-BC3F-4BCE-B364-86035D870263},31-07-08 0:00
190,4443,adventure-works\robert0,0x7AF06610,4,Production Technician - WC45,01-04-79,S,M,06-03-03,FALSE,82,61,TRUE,{2203154E-5EBD-4ACA-99BE-D835A3309D03},31-07-08 0:00
191,3893,adventure-works\lionel0,0x7AF06630,4,Production Technician - WC45,15-04-82,S,M,30-03-03,FALSE,78,59,TRUE,{231B1798-F67B-45C1-9688-265180F93D28},31-07-08 0:00
192,1897,adventure-works\brenda0,0x7AF06C,3,Production Supervisor - WC40,31-03-77,M,F,06-04-03,FALSE,71,55,TRUE,{714D519B-375E-4C5A-8491-C758D00CF95F},31-07-08 0:00
193,1939,adventure-works\alejandro0,0x7AF06D60,4,Production Technician - WC40,06-01-83,S,M,07-01-03,FALSE,52,46,TRUE,{8C7321D2-2C64-4902-9D64-8F5C1EB7F747},31-07-08 0:00
194,5624,adventure-works\fred0,0x7AF06DA0,4,Production Technician - WC40,27-07-83,S,M,13-01-03,FALSE,47,43,TRUE,{45358AE8-0B0E-4C11-90BB-DAC3EC0D5C82},31-07-08 0:00
195,582,adventure-works\kevin1,0x7AF06DE0,4,Production Technician - WC40,26-01-80,S,M,18-01-03,FALSE,58,49,TRUE,{DC7E95FF-275E-41C2-8ED3-686864F0540A},31-07-08 0:00
196,3807,adventure-works\shammi0,0x7AF06E10,4,Production Technician - WC40,05-11-74,M,M,25-01-03,FALSE,53,46,TRUE,{9BEF0C94-7969-4905-9A42-CE469C754800},31-07-08 0:00
197,4994,adventure-works\rajesh0,0x7AF06E30,4,Production Technician - WC40,05-11-71,M,M,01-02-03,FALSE,48,44,TRUE,{ACA7B40C-7AC0-4DAA-B4C7-1051D850D7D9},31-07-08 0:00
198,5223,adventure-works\lorraine0,0x7AF06E50,4,Production Technician - WC40,28-12-82,M,F,05-02-03,FALSE,49,44,TRUE,{A63966B6-9AD6-40BC-AFD4-A83745879F4D},31-07-08 0:00
199,4487,adventure-works\paula1,0x7AF06E70,4,Production Technician - WC40,13-03-81,M,F,13-02-03,FALSE,54,47,TRUE,{5DD2BE46-204F-4AF3-91F5-5EF082F6D6A6},31-07-08 0:00
200,2038,adventure-works\frank0,0x7AF06E88,4,Production Technician - WC40,07-10-81,M,M,18-02-03,FALSE,56,48,TRUE,{DD9AD278-ED17-40CF-8619-BAF1BB9D1CF2},31-07-08 0:00
201,403,adventure-works\brian0,0x7AF06E98,4,Production Technician - WC40,14-03-71,S,M,02-03-03,FALSE,55,47,TRUE,{18D594A8-B4ED-43C0-9C43-6033FEAADF4E},31-07-08 0:00
202,3395,adventure-works\tawana0,0x7AF06EA8,4,Production Technician - WC40,12-12-83,S,M,09-03-03,FALSE,50,45,TRUE,{BB4A3E50-232E-4212-9FAF-E67429FEBC7D},31-07-08 0:00
203,5021,adventure-works\ken1,0x7AF06EB8,4,Production Technician - WC40,29-06-75,M,M,28-03-03,FALSE,51,45,TRUE,{699C00D8-C4AB-4CD2-A48F-37CBCB5BFCCA},31-07-08 0:00
204,2606,adventure-works\gabe0,0x7AF06EC8,4,Production Technician - WC40,11-06-82,M,M,09-04-03,FALSE,57,48,TRUE,{790C9A7C-264C-4D48-A9D3-E2571A8011D8},31-07-08 0:00
205,1537,adventure-works\lori0,0x7AF074,3,Production Supervisor - WC45,19-08-74,S,F,30-03-03,FALSE,76,58,TRUE,{23D436FC-08F7-4988-8B4D-490AA4E8B7E7},31-07-08 0:00
206,2719,adventure-works\stuart0,0x7AF07560,4,Production Technician - WC45,14-10-56,S,M,03-01-03,FALSE,84,62,TRUE,{4F361B4F-7920-4037-9A0A-46D616F9B9C7},31-07-08 0:00
207,2504,adventure-works\greg0,0x7AF075A0,4,Production Technician - WC45,18-11-64,S,M,03-01-03,FALSE,85,62,TRUE,{A36B5D6B-72A5-47F8-9F6B-5D922130E760},31-07-08 0:00
208,3708,adventure-works\scott0,0x7AF075E0,4,Production Technician - WC45,13-03-81,M,M,09-02-03,FALSE,86,63,TRUE,{E35DA50A-BB51-4E08-8B8D-87EF4650247A},31-07-08 0:00
209,328,adventure-works\kathie0,0x7AF07610,4,Production Technician - WC45,02-12-84,M,F,28-02-03,FALSE,87,63,TRUE,{25FC84D7-E013-44B8-82CD-63CD4723AF81},31-07-08 0:00
210,235,adventure-works\belinda0,0x7AF07630,4,Production Technician - WC45,19-10-63,S,F,24-03-03,FALSE,83,61,TRUE,{F714B5EC-CA7C-4E6E-A812-2C5A119F4C30},31-07-08 0:00
211,1950,adventure-works\hazem0,0x7B40,2,Quality Assurance Manager,27-11-71,S,M,01-04-03,TRUE,80,60,TRUE,{05C84608-F445-4F9D-BB5C-0828C309C29D},17:08.6
212,2994,adventure-works\peng0,0x7B56,3,Quality Assurance Supervisor,19-04-70,M,M,10-01-03,TRUE,81,60,TRUE,{E249D613-36C9-4544-9B6F-6CE50E5E0DA5},31-07-08 0:00
213,1172,adventure-works\sootha0,0x7B56B0,4,Quality Assurance Technician,05-01-61,M,M,26-03-04,FALSE,85,62,TRUE,{A3DADF19-27F0-460A-9888-CE6CAA9E3583},31-07-08 0:00
214,4233,adventure-works\andreas0,0x7B56D0,4,Quality Assurance Technician,29-04-83,M,M,06-03-03,FALSE,84,62,TRUE,{F4DDD64F-DFFE-4DF3-AA17-D6BEA1924818},31-07-08 0:00
215,5042,adventure-works\mark0,0x7B56F0,4,Quality Assurance Technician,31-05-80,S,M,16-02-03,FALSE,83,61,TRUE,{6B63EF27-2C55-4F4C-BE29-FCE8B694DC4A},31-07-08 0:00
216,315,adventure-works\sean0,0x7B5708,4,Quality Assurance Technician,07-04-70,S,M,29-01-03,FALSE,82,61,TRUE,{34E128CF-D904-4327-8014-9DF0D5DE7D08},31-07-08 0:00
217,168,adventure-works\zainal0,0x7B5A,3,Document Control Manager,02-03-70,M,M,05-02-03,FALSE,77,58,TRUE,{DC60EEED-9F9F-4435-8666-4DE4FAFDE9C3},31-07-08 0:00
218,3909,adventure-works\tengiz0,0x7B5AB0,4,Control Specialist,29-05-84,S,M,17-01-03,FALSE,76,58,TRUE,{C609B3B2-7969-410C-934C-62C34B63C4EE},31-07-08 0:00
219,2125,adventure-works\sean1,0x7B5AD0,4,Document Control Assistant,12-04-81,S,M,23-02-03,FALSE,78,59,TRUE,{F78657A9-83EF-4B4D-9809-3C4C6D1A7BB4},31-07-08 0:00
220,2118,adventure-works\karen0,0x7B5AF0,4,Document Control Assistant,25-01-70,M,F,13-03-03,FALSE,79,59,TRUE,{8A41ED23-7AE2-4C15-AA5D-9496E721F848},31-07-08 0:00
221,2345,adventure-works\chris1,0x7B5B08,4,Control Specialist,26-06-81,M,M,07-04-03,FALSE,75,57,TRUE,{45C358FB-9C7F-4D36-8EC7-3D89E9FD07F4},31-07-08 0:00
222,2438,adventure-works\ascott0,0x7BC0,2,Master Scheduler,19-10-62,S,M,13-01-03,FALSE,44,42,TRUE,{13909262-4136-492F-BCA3-0B0E3773B03E},17:08.6
223,5637,adventure-works\sairaj0,0x7BD6,3,Scheduling Assistant,22-01-82,M,M,27-02-03,FALSE,46,43,TRUE,{4D36A720-CE32-4C47-866A-DB7844449309},31-07-08 0:00
224,1144,adventure-works\william0,0x7BDA,3,Scheduling Assistant,08-12-75,M,M,08-02-03,FALSE,45,42,TRUE,{1A68CD62-6FE9-4613-90D4-2CD178E4E54A},31-07-08 0:00
225,3660,adventure-works\alan0,0x7BDE,3,Scheduling Assistant,30-04-78,M,M,17-03-03,FALSE,47,43,TRUE,{DE321854-B076-4D59-BB7B-42152031B108},31-07-08 0:00
226,5079,adventure-works\brian1,0x7BE1,3,Scheduling Assistant,12-09-78,M,M,04-04-03,FALSE,48,44,TRUE,{DFA02733-C26E-4E31-99D8-9167E4E5131D},31-07-08 0:00
227,2655,adventure-works\gary1,0x7C20,2,Facilities Manager,21-03-65,M,M,03-01-04,TRUE,86,63,TRUE,{62F6EC59-5635-44F3-9CC1-2D8EEAF90A05},31-07-08 0:00
228,5208,adventure-works\christian0,0x7C2B,3,Maintenance Supervisor,18-02-70,M,M,15-01-03,TRUE,92,66,TRUE,{4611C7C5-90A0-407F-B054-93BD51533609},31-07-08 0:00
229,4868,adventure-works\lori1,0x7C2B58,4,Janitor,31-08-64,M,F,19-03-04,FALSE,90,65,TRUE,{929FE187-EE24-4F5F-AF2A-F96324F09423},31-07-08 0:00
230,3333,adventure-works\stuart1,0x7C2B68,4,Janitor,17-01-66,M,M,05-04-04,FALSE,88,64,TRUE,{CC2791E6-7629-49C5-922A-81445AFDF033},31-07-08 0:00
231,2046,adventure-works\jo1,0x7C2B78,4,Janitor,25-05-48,M,F,07-04-04,FALSE,91,65,TRUE,{39AF5CCA-9B52-41E5-B510-72901D2578F6},31-07-08 0:00
232,1725,adventure-works\pat0,0x7C2B84,4,Janitor,03-01-65,S,M,28-02-04,FALSE,89,64,TRUE,{49238447-30EE-4009-993F-0B6C756AB436},31-07-08 0:00
233,1837,adventure-works\magnus0,0x7C2D,3,Facilities Administrative Assistant,27-09-65,M,M,22-01-04,FALSE,87,63,TRUE,{0A4BCC09-ACE5-4481-9067-8B9ED70ECA18},31-07-08 0:00
234,2449,adventure-works\laura1,0x84,1,Chief Financial Officer,06-02-70,M,F,04-03-03,TRUE,0,20,TRUE,{D5E315A6-BD65-4D67-9D5F-81EF5C4EF8A6},31-07-08 0:00
235,5292,adventure-works\paula0,0x8560,2,Human Resources Manager,14-03-70,M,F,07-01-03,TRUE,54,47,TRUE,{65028F15-4149-4DE5-B203-9D7EC86BAF87},31-07-08 0:00
236,4954,adventure-works\grant0,0x856B,3,Human Resources Administrative Assistant,18-05-70,S,M,29-03-03,FALSE,53,46,TRUE,{4511ABBA-7F34-400E-907B-A663C20E1A41},31-07-08 0:00
237,4393,adventure-works\hao0,0x856D,3,Human Resources Administrative Assistant,19-05-71,S,M,10-03-03,FALSE,52,46,TRUE,{FD53C4C8-B34E-460F-9EE5-747B07FE98B3},31-07-08 0:00
238,3212,adventure-works\vidur0,0x856F,3,Recruiter,02-09-78,S,M,02-02-03,FALSE,50,45,TRUE,{47E76B59-B137-4572-AD55-6B3E68C13BD3},31-07-08 0:00
239,2306,adventure-works\mindy0,0x857080,3,Benefits Specialist,22-12-78,M,F,26-01-03,FALSE,51,45,TRUE,{834D7AB6-06E6-4944-B42F-028CD4BD388E},31-07-08 0:00
240,2191,adventure-works\willis0,0x857180,3,Recruiter,18-08-72,S,M,14-01-03,FALSE,49,44,TRUE,{A1D86ECC-EA17-4B1B-8369-F1D07AB0A469},31-07-08 0:00
241,4271,adventure-works\david6,0x85A0,2,Accounts Manager,08-08-77,M,M,03-03-03,TRUE,57,48,TRUE,{2DC9D534-F5D1-4A14-8282-0A2A0EB6FD4D},31-07-08 0:00
242,3580,adventure-works\deborah0,0x85AB,3,Accounts Receivable Specialist,07-04-70,M,F,19-01-03,FALSE,60,50,TRUE,{09F75454-028C-46CA-BC08-0147BD0220D7},31-07-08 0:00
243,1379,adventure-works\candy0,0x85AD,3,Accounts Receivable Specialist,26-03-70,S,F,07-02-03,FALSE,61,50,TRUE,{9E9F713B-707C-4F7E-9504-DE188052A045},31-07-08 0:00
244,1780,adventure-works\bryan1,0x85AF,3,Accounts Receivable Specialist,22-10-78,S,M,25-02-03,FALSE,62,51,TRUE,{CB3E71EC-A381-4716-87DF-D3841AB9795A},31-07-08 0:00
245,9,adventure-works\barbara1,0x85B080,3,Accountant,04-02-70,M,F,22-03-03,TRUE,58,49,TRUE,{3FFBA84E-8E97-4649-A5E1-859649D83AAE},31-07-08 0:00
246,3292,adventure-works\dragan0,0x85B180,3,Accounts Payable Specialist,18-03-71,M,M,15-03-03,FALSE,63,51,TRUE,{51C54D34-064B-44F7-A6B1-7702BD491980},31-07-08 0:00
247,286,adventure-works\janet0,0x85B280,3,Accounts Payable Specialist,09-04-73,M,F,02-04-03,FALSE,64,52,TRUE,{0C641D77-8675-493F-9947-8C65136559CD},31-07-08 0:00
248,2994,adventure-works\mike0,0x85B380,3,Accountant,01-08-73,S,M,09-04-03,TRUE,59,49,TRUE,{AC35337D-7C75-4DEE-BB11-6564F257FE18},31-07-08 0:00
249,3103,adventure-works\wendy0,0x85E0,2,Finance Manager,12-11-78,S,F,26-01-03,TRUE,55,47,TRUE,{8F410408-4AA8-4D67-886D-530BFE4EBE3B},31-07-08 0:00
250,1988,adventure-works\sheela0,0x85EB,3,Purchasing Manager,13-03-72,S,F,28-03-05,TRUE,49,44,TRUE,{7D6B0155-0191-4599-8394-378EBDE63C9A},31-07-08 0:00
251,2530,adventure-works\mikael0,0x85EB58,4,Buyer,18-09-78,S,M,14-03-03,FALSE,59,49,TRUE,{D0FD55FF-42FA-491E-8B3B-AB3316018909},31-07-08 0:00
252,2308,adventure-works\arvind0,0x85EB68,4,Buyer,21-09-68,M,M,01-04-03,FALSE,60,50,TRUE,{51DE26F0-6ED9-4A70-B689-88EB882674B6},31-07-08 0:00
253,2563,adventure-works\linda2,0x85EB78,4,Buyer,31-12-64,M,F,18-01-04,FALSE,56,48,TRUE,{ED06F9F4-2123-4C44-89D7-E43E1E1ABC2F},31-07-08 0:00
254,458,adventure-works\fukiko0,0x85EB84,4,Buyer,25-12-64,M,M,05-02-04,FALSE,57,48,TRUE,{36CD6636-C657-4FC7-9BFA-CC1BFA9102A2},31-07-08 0:00
255,4362,adventure-works\gordon0,0x85EB8C,4,Buyer,30-12-60,M,M,12-02-04,FALSE,52,46,TRUE,{2CB2D5C3-C437-49B1-9FFD-FAA096F6126F},31-07-08 0:00
256,1512,adventure-works\frank2,0x85EB94,4,Buyer,13-06-46,M,M,24-02-04,FALSE,58,49,TRUE,{0423D8D0-1B14-4718-8C17-85E2F98D222F},31-07-08 0:00
257,3248,adventure-works\eric2,0x85EB9C,4,Buyer,19-10-66,S,M,28-02-04,FALSE,54,47,TRUE,{A28AB377-06F5-417A-A5E2-59F459088699},31-07-08 0:00
258,2249,adventure-works\erin0,0x85EBA2,4,Buyer,04-02-65,S,F,03-03-04,FALSE,53,46,TRUE,{B60712A9-50A5-4296-B892-69C4701834B0},31-07-08 0:00
259,2531,adventure-works\ben0,0x85EBA6,4,Buyer,05-07-67,M,M,09-04-04,FALSE,55,47,TRUE,{B9641CAE-765C-4662-B760-C167A1F2B8B5},31-07-08 0:00
260,110,adventure-works\annette0,0x85EBAA,4,Purchasing Assistant,01-03-72,M,F,06-01-05,FALSE,50,45,TRUE,{9E03395F-4D5D-4A53-880E-174BD8C1DB59},31-07-08 0:00
261,2495,adventure-works\reinout0,0x85EBAE,4,Purchasing Assistant,18-02-72,M,M,25-01-05,FALSE,51,45,TRUE,{9825EB00-8E36-4506-93A2-6DDCDC0B13C3},31-07-08 0:00
262,1906,adventure-works\david5,0x8610,2,Assistant to the Chief Financial Officer,23-07-58,S,M,13-02-03,FALSE,56,48,TRUE,{BE81FD77-428C-449F-AB79-48B1CDF53D6A},31-07-08 0:00
263,5805,adventure-works\jean0,0x8C,1,Information Services Manager,13-01-70,S,F,12-01-03,TRUE,65,52,TRUE,{794A0B1F-C46A-401C-984D-008996FC7092},31-07-08 0:00
264,3880,adventure-works\stephanie0,0x8D60,2,Network Manager,26-04-78,S,F,08-03-03,TRUE,68,54,TRUE,{221CBB7B-8BAE-452B-A16F-A67EBB3873C8},31-07-08 0:00
265,4584,adventure-works\ashvini0,0x8D6B,3,Network Administrator,28-04-71,S,M,05-01-03,FALSE,70,55,TRUE,{2E680C1C-7C02-4343-9626-6F97273414C0},31-07-08 0:00
266,5584,adventure-works\peter1,0x8D6D,3,Network Administrator,29-06-74,S,M,27-03-03,FALSE,69,54,TRUE,{86601E6A-6955-40FC-BB4A-1053A843CE99},31-07-08 0:00
267,2000,adventure-works\karen1,0x8DA0,2,Application Specialist,19-06-72,S,F,20-03-03,TRUE,74,57,TRUE,{45C3D0F5-3332-419D-AD40-A98996BB5531},31-07-08 0:00
268,19,adventure-works\ramesh0,0x8DE0,2,Application Specialist,14-04-82,S,M,07-03-03,TRUE,73,56,TRUE,{BE190269-4003-4D7F-809E-7B3FDC235DA8},31-07-08 0:00
269,3324,adventure-works\dan0,0x8E10,2,Application Specialist,28-07-75,M,M,12-02-03,TRUE,72,56,TRUE,{71B0D010-5AC5-4E91-8EFA-C311C1372A73},31-07-08 0:00
270,3160,adventure-works\franï¿½ois0,0x8E30,2,Database Administrator,17-06-69,S,M,18-02-03,TRUE,67,53,TRUE,{0C7F025D-8D56-48EF-86C0-F09DB63D0182},31-07-08 0:00
271,4890,adventure-works\dan1,0x8E50,2,Database Administrator,06-02-70,M,M,23-02-03,TRUE,66,53,TRUE,{2474E1A9-902D-466C-B0B2-6DCAC927F753},31-07-08 0:00
272,239,adventure-works\janaina0,0x8E70,2,Application Specialist,03-03-79,M,F,24-01-03,TRUE,71,55,TRUE,{241535C7-7A31-4A6A-9E0D-A83C30C2EDDA},31-07-08 0:00
273,3404,adventure-works\brian3,0x94,1,Vice President of Sales,08-07-71,S,M,18-03-05,TRUE,10,25,TRUE,{F3EC557C-8B41-4EE6-BB0C-E3B93AFF81E5},31-07-08 0:00
274,1041,adventure-works\stephen0,0x9560,2,North American Sales Manager,17-11-45,M,M,04-02-05,TRUE,14,27,TRUE,{86D5FA9E-4BC0-48C8-91DC-1EC467418D11},31-07-08 0:00
275,1276,adventure-works\michael9,0x956B,3,Sales Representative,26-01-63,S,M,01-07-05,TRUE,38,39,TRUE,{E19F8DE2-0F40-418C-84A2-DB48B98DC6A2},31-07-08 0:00
276,1535,adventure-works\linda3,0x956D,3,Sales Representative,30-03-74,M,F,01-07-05,TRUE,27,33,TRUE,{4509F387-D73A-43DC-A502-B1C27AA1DC9E},31-07-08 0:00
277,77,adventure-works\jillian0,0x956F,3,Sales Representative,29-09-56,S,F,01-07-05,TRUE,24,32,TRUE,{A011C97B-081C-4739-996F-C1CAC4532F8D},31-07-08 0:00
278,386,adventure-works\garrett1,0x957080,3,Sales Representative,07-03-69,M,M,01-07-05,TRUE,33,36,TRUE,{50EECC16-0D0D-43A9-9649-016C06DE8D78},31-07-08 0:00
279,4628,adventure-works\tsvi0,0x957180,3,Sales Representative,19-02-68,M,M,01-07-05,TRUE,29,34,TRUE,{BB510FCE-0105-4306-B591-6450D9EBF401},31-07-08 0:00
280,2889,adventure-works\pamela0,0x957280,3,Sales Representative,06-01-69,S,F,01-07-05,TRUE,22,31,TRUE,{7627B9D6-0707-4706-9AD9-0D37506B08AE},31-07-08 0:00
281,6,adventure-works\shu0,0x957380,3,Sales Representative,10-04-62,M,M,01-07-05,TRUE,26,33,TRUE,{4103C891-37E8-4DFC-AEAC-B55E2BC1BE1C},31-07-08 0:00
282,1082,adventure-works\josï¿½1,0x957440,3,Sales Representative,11-01-58,M,M,01-07-05,TRUE,31,35,TRUE,{FD3992FB-3067-451D-A09D-73BD53C0FECA},31-07-08 0:00
283,2356,adventure-works\david8,0x9574C0,3,Sales Representative,14-03-68,S,M,01-07-05,TRUE,23,31,TRUE,{1E8F9E91-508F-4D49-ACD2-775C836030ED},31-07-08 0:00
284,3275,adventure-works\tete0,0x957540,3,Sales Representative,06-02-72,M,M,01-11-06,TRUE,39,39,TRUE,{0C67CE00-DE78-4712-908F-06939A2C58D5},31-07-08 0:00
285,5256,adventure-works\syed0,0x95A0,2,Pacific Sales Manager,11-02-69,M,M,15-04-07,TRUE,20,30,TRUE,{86F292DB-B73C-429D-9912-800994D809FB},31-07-08 0:00
286,5205,adventure-works\lynn0,0x95AB,3,Sales Representative,18-04-65,S,F,01-07-07,TRUE,36,38,TRUE,{4A9A8407-A680-4A6B-8D03-511CB58F9A8A},31-07-08 0:00
287,1710,adventure-works\amy0,0x95E0,2,European Sales Manager,22-10-51,M,F,18-05-06,TRUE,21,30,TRUE,{66D66445-EE78-4676-9E66-0E22D6109A92},31-07-08 0:00
288,2298,adventure-works\rachel0,0x95EB,3,Sales Representative,09-08-69,S,F,01-07-07,TRUE,35,37,TRUE,{B9BF7741-E0CA-4F37-ACDE-A4F78C6D03E9},31-07-08 0:00
289,4079,adventure-works\jae0,0x95ED,3,Sales Representative,18-04-62,M,F,01-07-06,TRUE,37,38,TRUE,{723A5921-D8A1-4659-9BC4-13C4CF7C9C91},31-07-08 0:00
290,4274,adventure-works\ranjit0,0x95EF,3,Sales Representative,31-10-69,S,M,01-07-06,TRUE,34,37,TRUE,{604213F9-DD0F-43B4-BDD2-C96E93D3F4BF},31-07-08 0:00
BusinessEntityID,4597,LoginID,OrganizationNode,OrganizationLevel,JobTitle,BirthDate,MaritalStatus,Gender,HireDate,SalariedFlag,VacationHours,SickLeaveHours,CurrentFlag,rowguid,ModifiedDate
1,117,adventure-works\ken0,,0,Chief Executive Officer,02-03-63,S,M,15-02-03,TRUE,99,69,TRUE,{F01251E5-96A3-448D-981E-0F99D789110D},31-07-08 0:00
2,618,adventure-works\terri0,58,1,Vice President of Engineering,01-09-65,S,F,03-03-02,TRUE,1,20,TRUE,{45E8F437-670D-4409-93CB-F9424A40D6EE},31-07-08 0:00
3,951,adventure-works\roberto0,5AC0,2,Engineering Manager,13-12-68,M,M,12-12-01,TRUE,2,21,TRUE,{9BBBFB2C-EFBB-4217-9AB7-F97689328841},31-07-08 0:00
4,4962,adventure-works\rob0,5AD6,3,Senior Tool Designer,23-01-69,S,M,05-01-02,FALSE,48,80,TRUE,{59747955-87B8-443F-8ED4-F8AD3AFDF3A9},31-07-08 0:00
5,609,adventure-works\gail0,5ADA,3,Design Engineer,29-10-46,M,F,06-02-02,TRUE,5,22,TRUE,{EC84AE09-F9B8-4A15-B4A9-6CCBAB919B08},31-07-08 0:00
6,87,adventure-works\jossef0,5ADE,3,Design Engineer,11-04-53,M,M,24-02-02,TRUE,6,23,TRUE,{E39056F1-9CD5-478D-8945-14ACA7FBDCDD},31-07-08 0:00
7,1133,adventure-works\dylan0,5AE1,3,Research and Development Manager,27-03-81,M,M,12-03-03,TRUE,61,50,TRUE,{4F46DECA-EF01-41FD-9829-0ADAB368E431},31-07-08 0:00
8,3071,adventure-works\diane1,5AE158,4,Research and Development Engineer,06-07-80,S,F,30-01-03,TRUE,62,51,TRUE,{31112635-663B-4018-B4A2-A685C0BF48A4},31-07-08 0:00
9,863,adventure-works\gigi0,5AE168,4,Research and Development Engineer,21-02-73,M,F,17-02-03,TRUE,63,51,TRUE,{50B6CDC6-7570-47EF-9570-48A64B5F2ECF},31-07-08 0:00
10,5697,adventure-works\michael6,5AE178,4,Research and Development Manager,01-01-79,M,M,04-06-03,TRUE,16,64,TRUE,{EAA43680-5571-40CB-AB1A-3BF68F04459E},31-07-08 0:00
11,3637,adventure-works\ovidiu0,5AE3,3,Senior Tool Designer,18-02-72,S,M,05-01-05,FALSE,7,23,TRUE,{F68C7C19-FAC1-438C-9BB7-AC33FCC341C3},31-07-08 0:00
12,3200,adventure-works\thierry0,5AE358,4,Tool Designer,29-08-53,M,M,11-01-02,FALSE,9,24,TRUE,{1D955171-E773-4FAD-8382-40FD898D5D4D},31-07-08 0:00
13,2726,adventure-works\janice0,5AE368,4,Tool Designer,29-06-83,M,F,23-01-05,FALSE,8,24,TRUE,{954B91B6-5AA7-48C2-8685-6E11C6E5C49A},31-07-08 0:00
14,3704,adventure-works\michael8,5AE5,3,Senior Design Engineer,17-07-73,S,M,30-01-05,TRUE,3,21,TRUE,{46286CA4-46DD-4DDB-9128-85B67E98D1A9},31-07-08 0:00
15,3642,adventure-works\sharon0,5AE7,3,Design Engineer,03-06-55,M,F,18-02-05,TRUE,4,22,TRUE,{54F2FDC0-87C4-4065-A7A8-9AC8EA624235},31-07-08 0:00
16,972,adventure-works\david0,68,1,Marketing Manager,19-04-69,S,M,20-01-02,TRUE,40,40,TRUE,{E87029AA-2CBA-4C03-B948-D83AF0313E28},31-07-08 0:00
17,3290,adventure-works\kevin0,6AC0,2,Marketing Assistant,03-06-81,S,M,26-02-01,FALSE,42,41,TRUE,{1B480240-95C0-410F-A717-EB29943C8886},31-07-08 0:00
18,1901,adventure-works\john5,6B40,2,Marketing Specialist,06-04-72,S,M,10-03-05,FALSE,48,44,TRUE,{64730415-1F58-4E5B-8FA8-5E4DAEBA53B4},31-07-08 0:00
19,4357,adventure-works\mary2,6BC0,2,Marketing Assistant,01-03-72,S,F,17-03-05,FALSE,43,41,TRUE,{1F6DA901-C7F7-48A8-8EEF-D81868D72B52},31-07-08 0:00
20,3868,adventure-works\wanida0,6C20,2,Marketing Assistant,17-04-69,M,F,07-02-05,FALSE,41,40,TRUE,{43CCA446-DA1C-454C-8530-873AD2923E1B},31-07-08 0:00
21,1787,adventure-works\terry0,6C60,2,Marketing Specialist,07-03-80,M,M,03-04-03,FALSE,44,42,TRUE,{AD0D7626-4506-45C4-898F-9D7A0E13AABD},31-07-08 0:00
22,1543,adventure-works\sariya0,6CA0,2,Marketing Specialist,21-06-81,S,M,13-01-03,FALSE,45,42,TRUE,{AF21F1B7-0691-48AD-B325-B8F2D7B2268A},31-07-08 0:00
23,4617,adventure-works\mary0,6CE0,2,Marketing Specialist,14-10-56,M,F,13-02-03,FALSE,46,43,TRUE,{90899830-127E-4876-85CA-7F6E03025281},31-07-08 0:00
24,1281,adventure-works\jill0,6D10,2,Marketing Specialist,19-07-73,M,F,19-02-03,FALSE,47,43,TRUE,{53575C58-FBA1-4C1A-B8FF-95E050B44393},31-07-08 0:00
25,3471,adventure-works\james1,78,1,Vice President of Production,07-02-77,S,M,07-03-03,TRUE,64,52,TRUE,{D7314F24-2AF1-429C-9BBB-4038F45F3E6C},31-07-08 0:00
26,4267,adventure-works\peter0,7AC0,2,Production Control Manager,04-12-76,M,M,02-01-03,TRUE,43,41,TRUE,{69D5D162-E817-45E7-9DEC-5D9B8310E7B1},17:08.6
27,4008,adventure-works\jo0,7AD6,3,Production Supervisor - WC60,09-11-50,S,F,30-03-02,FALSE,80,60,TRUE,{83FFAAC6-B895-481F-B897-14F965D4DA47},31-07-08 0:00
28,3732,adventure-works\guy1,7AD6B0,4,Production Technician - WC60,15-05-76,M,M,31-07-00,FALSE,21,30,TRUE,{AAE1D04A-C237-4974-B4D5-935247737718},31-07-08 0:00
29,965,adventure-works\mark1,7AD6D0,4,Production Technician - WC60,26-10-73,S,M,24-02-03,FALSE,19,29,TRUE,{CDB2C6DF-93E5-4558-91C8-424D5E7C658B},31-07-08 0:00
30,3610,adventure-works\britta0,7AD6F0,4,Production Technician - WC60,30-10-83,M,F,02-03-03,FALSE,14,27,TRUE,{FC12677F-42F8-4790-AD69-685088ED7E5F},31-07-08 0:00
31,4120,adventure-works\margie0,7AD708,4,Production Technician - WC60,20-06-80,M,F,05-02-03,FALSE,18,29,TRUE,{352D6E2F-655B-49A2-9FEC-EFD7D8CD0D30},31-07-08 0:00
32,533,adventure-works\rebecca0,7AD718,4,Production Technician - WC60,11-08-71,M,F,30-01-03,FALSE,23,31,TRUE,{BDADEB5C-A596-4DA1-88BA-842C7A0CC10F},31-07-08 0:00
33,3623,adventure-works\annik0,7AD728,4,Production Technician - WC60,27-01-71,M,M,18-01-03,FALSE,17,28,TRUE,{51FDE6AC-BD50-467C-90E5-10CA7310455C},31-07-08 0:00
34,822,adventure-works\suchitra0,7AD738,4,Production Technician - WC60,11-07-81,M,F,20-03-03,FALSE,15,27,TRUE,{6ADBD932-0DA5-4F5C-AF67-8E3A53630896},31-07-08 0:00
35,2222,adventure-works\brandon0,7AD744,4,Production Technician - WC60,11-02-71,M,M,12-03-03,FALSE,22,31,TRUE,{CA5D1935-44E2-4C45-93BB-809E59F56796},31-07-08 0:00
36,612,adventure-works\jose0,7AD74C,4,Production Technician - WC60,01-09-78,M,M,14-03-03,FALSE,20,30,TRUE,{9E912556-88BA-41EE-B946-CB84AB4C1102},31-07-08 0:00
37,5328,adventure-works\chris2,7AD754,4,Production Technician - WC60,07-09-80,S,M,08-04-03,FALSE,16,28,TRUE,{77B384C7-AFFB-4816-992B-F5B3034EE4FF},31-07-08 0:00
38,530,adventure-works\kim1,7AD75C,4,Production Technician - WC60,14-01-61,M,F,17-02-04,FALSE,24,32,TRUE,{891C27F4-28CC-44BB-BEA3-DA5EA7FBE957},31-07-08 0:00
39,513,adventure-works\ed0,7AD764,4,Production Technician - WC60,12-10-65,S,M,08-03-04,FALSE,25,32,TRUE,{8EF22FB3-AF37-4B44-8862-D60A7CB09D82},31-07-08 0:00
40,333,adventure-works\jolynn0,7ADA,3,Production Supervisor - WC60,16-02-50,S,F,26-01-02,FALSE,82,61,TRUE,{2CC71B96-F421-485E-9832-8723337749BB},31-07-08 0:00
41,3184,adventure-works\bryan0,7ADAB0,4,Production Technician - WC60,28-09-67,S,M,22-02-03,FALSE,35,37,TRUE,{4652D4E4-6A27-47ED-9F51-C377E293DA28},31-07-08 0:00
42,3550,adventure-works\james0,7ADAD0,4,Production Technician - WC60,26-08-78,M,M,28-01-03,FALSE,39,39,TRUE,{82E52D5A-165B-4C6D-9773-C3A6B6332ECD},31-07-08 0:00
43,4753,adventure-works\nancy0,7ADAF0,4,Production Technician - WC60,21-12-82,M,F,03-02-03,FALSE,34,37,TRUE,{6B7EB306-9A00-496A-98A9-4E94FE72F77C},31-07-08 0:00
44,3997,adventure-works\simon0,7ADB08,4,Production Technician - WC60,17-06-84,S,M,09-01-03,FALSE,38,39,TRUE,{F734D38A-56B5-471E-8DED-A682E958A9B3},31-07-08 0:00
45,2302,adventure-works\thomas0,7ADB18,4,Production Technician - WC60,11-02-80,M,M,30-03-03,FALSE,37,38,TRUE,{8FF3AF67-32F2-4A08-98C3-A40F842D41A3},31-07-08 0:00
46,46,adventure-works\eugene1,7ADB28,4,Production Technician - WC60,13-03-70,S,M,12-03-03,FALSE,36,38,TRUE,{33543B35-77DA-4600-A41B-1EAFEA0AD643},31-07-08 0:00
47,4968,adventure-works\andrew0,7ADE,3,Production Supervisor - WC10,08-10-82,S,M,26-03-03,FALSE,65,52,TRUE,{08365B05-C143-4260-A93C-6B69418B1946},31-07-08 0:00
48,2917,adventure-works\ruth0,7ADEB0,4,Production Technician - WC10,06-07-50,M,F,06-02-02,FALSE,83,61,TRUE,{3E3B6905-209E-442E-B8A8-9A0980241C6A},31-07-08 0:00
49,1099,adventure-works\barry0,7ADED0,4,Production Technician - WC10,27-04-50,S,M,07-02-02,FALSE,88,64,TRUE,{756A60AE-378F-43D8-9F93-1E821D1EAF52},31-07-08 0:00
50,2224,adventure-works\sidney0,7ADEF0,4,Production Technician - WC10,01-10-50,M,M,05-03-02,FALSE,84,62,TRUE,{40D603D9-7F99-48B7-A580-B17CF429BED2},31-07-08 0:00
51,2563,adventure-works\jeffrey0,7ADF08,4,Production Technician - WC10,12-08-50,S,M,23-03-02,FALSE,85,62,TRUE,{6E086F41-B81D-4BDC-9F13-0EEC488DC43E},31-07-08 0:00
52,4623,adventure-works\doris0,7ADF18,4,Production Technician - WC10,06-05-50,M,F,11-04-02,FALSE,86,63,TRUE,{692B8826-03B4-4C3B-82FC-1FC6F1409689},31-07-08 0:00
53,1390,adventure-works\diane0,7ADF28,4,Production Technician - WC10,30-04-50,M,F,29-04-02,FALSE,87,63,TRUE,{C334B2D2-0C56-4906-9095-F1D07A98CBEC},31-07-08 0:00
54,208,adventure-works\bonnie0,7ADF38,4,Production Technician - WC10,11-10-80,M,F,02-02-04,FALSE,89,64,TRUE,{E950A52A-DF61-4FEC-9063-545664D65B89},31-07-08 0:00
55,1897,adventure-works\taylor0,7AE1,3,Production Supervisor - WC50,03-05-50,M,M,11-03-02,FALSE,79,59,TRUE,{28F7EF89-2793-4989-B67D-25046543C1E3},31-07-08 0:00
56,3471,adventure-works\denise0,7AE158,4,Production Technician - WC50,07-08-82,M,F,09-03-03,FALSE,9,24,TRUE,{77878C43-F16E-437D-892F-3CFCC0715A0A},31-07-08 0:00
57,940,adventure-works\frank1,7AE168,4,Production Technician - WC50,24-08-65,S,M,27-03-03,FALSE,10,25,TRUE,{B395CD84-77BA-4D3C-A49D-D9E8D6CF100B},31-07-08 0:00
58,1899,adventure-works\kendall0,7AE178,4,Production Technician - WC50,30-06-80,M,M,06-01-03,FALSE,11,25,TRUE,{65207627-5521-4A8E-AD3C-B2F1B5226B85},31-07-08 0:00
59,3173,adventure-works\bob0,7AE184,4,Production Technician - WC50,16-09-73,S,M,25-01-03,FALSE,12,26,TRUE,{68616AEA-81E5-4940-A7E4-6FBA882BCCF6},31-07-08 0:00
60,3118,adventure-works\pete0,7AE18C,4,Production Technician - WC50,07-03-71,S,M,12-02-03,FALSE,13,26,TRUE,{1F1D813D-3EDC-4274-8E9B-4519D71685B6},31-07-08 0:00
61,990,adventure-works\diane2,7AE194,4,Production Technician - WC50,10-09-83,S,F,19-02-03,FALSE,8,24,TRUE,{721A2921-C415-46DE-9111-13F25F428B8B},31-07-08 0:00
62,4824,adventure-works\john0,7AE3,3,Production Supervisor - WC60,08-09-50,M,M,18-04-02,FALSE,81,60,TRUE,{D4ED1F78-7C28-479B-BFEF-A73228BA2AAA},31-07-08 0:00
63,1391,adventure-works\maciej0,7AE358,4,Production Technician - WC60,02-03-49,S,M,01-03-04,FALSE,30,35,TRUE,{3229D93F-6A14-4BAC-ABC5-A91B9ECFB4D3},31-07-08 0:00
64,3470,adventure-works\michael7,7AE368,4,Production Technician - WC60,07-10-67,S,M,26-03-04,FALSE,26,33,TRUE,{492B24BD-BDE9-4371-B96E-CCD72264B91F},31-07-08 0:00
65,3270,adventure-works\randy0,7AE378,4,Production Technician - WC60,29-05-64,M,M,26-03-04,FALSE,29,34,TRUE,{9A08108D-E039-4862-8F93-55F18017AD72},31-07-08 0:00
66,2077,adventure-works\karan0,7AE384,4,Production Technician - WC60,07-04-64,S,M,23-01-04,FALSE,28,34,TRUE,{08B1BA74-DD80-4FDA-8327-93268B84977B},31-07-08 0:00
67,3520,adventure-works\jay0,7AE38C,4,Production Technician - WC60,14-03-70,S,M,06-04-03,FALSE,32,36,TRUE,{18187809-5294-474F-85A1-D5BE6BD518D6},31-07-08 0:00
68,3740,adventure-works\charles0,7AE394,4,Production Technician - WC60,03-10-65,S,M,04-01-04,FALSE,27,33,TRUE,{CDC11292-DF74-4FB0-8676-5B2AA4687142},31-07-08 0:00
69,3666,adventure-works\steve0,7AE39C,4,Production Technician - WC60,07-05-85,S,M,19-03-03,FALSE,31,35,TRUE,{12F678D7-EAD3-4CF4-8518-A19AACF2A6D4},31-07-08 0:00
70,355,adventure-works\david2,7AE3A2,4,Production Technician - WC60,30-01-79,M,M,16-01-03,FALSE,33,36,TRUE,{FC617BB8-D2A3-4374-873C-8EF38D80127D},31-07-08 0:00
71,1738,adventure-works\michael3,7AE5,3,Production Supervisor - WC30,02-03-83,S,M,19-03-03,FALSE,70,55,TRUE,{1AD772D7-7B4A-4A7B-8676-49DD7608CB94},31-07-08 0:00
72,4229,adventure-works\steven0,7AE558,4,Production Technician - WC30,15-06-71,M,M,02-01-03,FALSE,41,40,TRUE,{0A8937C9-68AA-4D48-BA4E-B40493D764AA},31-07-08 0:00
73,664,adventure-works\carole0,7AE568,4,Production Technician - WC30,19-11-77,M,F,20-01-03,FALSE,42,41,TRUE,{C76A41F1-A390-4AE4-A82A-2A87764C6391},31-07-08 0:00
74,1147,adventure-works\bjorn0,7AE578,4,Production Technician - WC30,08-12-83,S,M,08-02-03,FALSE,43,41,TRUE,{A942E1E0-2D5E-4858-97C0-947020E96860},31-07-08 0:00
75,748,adventure-works\michiko0,7AE584,4,Production Technician - WC30,28-07-76,S,M,27-02-03,FALSE,44,42,TRUE,{F359F5B6-5E18-4C62-8531-14D951911CE5},31-07-08 0:00
76,5470,adventure-works\carol0,7AE58C,4,Production Technician - WC30,18-11-82,M,F,16-03-03,FALSE,45,42,TRUE,{8D0182A3-5B59-4EEA-9B3C-C7F05DA9A2CE},31-07-08 0:00
77,5627,adventure-works\merav0,7AE594,4,Production Technician - WC30,13-06-77,M,F,04-04-03,FALSE,46,43,TRUE,{2EE7914A-62D3-473B-A0E1-E4E55341EC4E},31-07-08 0:00
78,3866,adventure-works\reuben0,7AE7,3,Production Supervisor - WC40,27-09-81,M,M,16-01-03,FALSE,72,56,TRUE,{71EEE2A6-B9B3-4BF4-8949-01239DF7C901},31-07-08 0:00
79,1533,adventure-works\eric1,7AE758,4,Production Technician - WC40,08-01-61,M,M,25-02-04,FALSE,60,50,TRUE,{55F62E38-9457-46C8-A824-E46A3117A935},31-07-08 0:00
80,3713,adventure-works\sandeep0,7AE768,4,Production Technician - WC40,03-01-65,S,M,18-02-04,FALSE,65,52,TRUE,{606C21E2-3EC0-48A6-A9FE-6BC8123AC786},31-07-08 0:00
81,2614,adventure-works\mihail0,7AE778,4,Production Technician - WC40,09-04-65,S,M,30-01-04,FALSE,64,52,TRUE,{03A9BA14-0D5B-4671-B851-2C1721EFBF01},31-07-08 0:00
82,3883,adventure-works\jack1,7AE784,4,Production Technician - WC40,30-09-67,S,M,03-04-04,FALSE,62,51,TRUE,{D308D387-F7F3-4B5F-ABDA-FAF5574245CD},31-07-08 0:00
83,241,adventure-works\patrick1,7AE78C,4,Production Technician - WC40,24-01-68,M,M,15-03-04,FALSE,61,50,TRUE,{296C52AE-169F-4292-975D-C508476DCECF},31-07-08 0:00
84,2476,adventure-works\frank3,7AE794,4,Production Technician - WC40,03-04-46,M,M,08-03-04,FALSE,66,53,TRUE,{9AF24ACC-EA3E-4EFE-B5E3-4762C496D57C},31-07-08 0:00
85,2578,adventure-works\brian2,7AE79C,4,Production Technician - WC40,23-01-65,S,M,12-01-04,FALSE,63,51,TRUE,{C294F676-CAAF-4924-9730-BC81AE408BE1},31-07-08 0:00
86,5808,adventure-works\ryan0,7AE7A2,4,Production Technician - WC40,15-07-66,M,M,06-02-03,FALSE,59,49,TRUE,{10E5BD6F-2B9C-4192-A94D-6A2D50EA1ADB},31-07-08 0:00
87,4379,adventure-works\cristian0,7AE880,3,Production Supervisor - WC10,13-05-78,M,M,23-01-03,FALSE,67,53,TRUE,{5BE16416-8570-417D-9E54-047DB468B5E9},31-07-08 0:00
88,4649,adventure-works\betsy0,7AE8AC,4,Production Technician - WC10,17-01-61,S,F,19-01-04,FALSE,99,69,TRUE,{EBCDBA1C-6C1D-4D36-90F7-1893755C85E3},31-07-08 0:00
89,2682,adventure-works\patrick0,7AE8B4,4,Production Technician - WC10,11-10-80,S,M,04-03-04,FALSE,96,68,TRUE,{D5FBE9E6-B8C5-484C-B4B8-48059E0EF267},31-07-08 0:00
90,2935,adventure-works\danielle0,7AE8BC,4,Production Technician - WC10,08-10-80,S,F,23-03-04,FALSE,97,68,TRUE,{BB886159-1400-4264-B7C9-A3769BEB1274},31-07-08 0:00
91,3812,adventure-works\kimberly0,7AE8C2,4,Production Technician - WC10,14-10-80,S,F,13-02-04,FALSE,95,67,TRUE,{CE256B6C-1EEE-43ED-9969-7CAC480FF4D7},31-07-08 0:00
92,2837,adventure-works\tom0,7AE8C6,4,Production Technician - WC10,01-11-80,M,M,10-04-04,FALSE,98,69,TRUE,{B3BF7FC5-2014-48CE-B7BB-76124FA8446C},31-07-08 0:00
93,4098,adventure-works\kok-ho0,7AE980,3,Production Supervisor - WC50,30-05-74,S,M,28-01-03,FALSE,78,59,TRUE,{57FB2C0F-B105-49F0-967A-88F3D743CB3F},31-07-08 0:00
94,3206,adventure-works\russell0,7AE9AC,4,Production Technician - WC50,27-12-66,M,M,13-01-03,FALSE,6,23,TRUE,{6B10192F-D570-47C4-82C9-3D979B1EFDC1},31-07-08 0:00
95,1520,adventure-works\jim0,7AE9B4,4,Production Technician - WC50,09-10-80,M,M,20-01-03,FALSE,1,20,TRUE,{6175876E-8FCC-4917-BE06-FC358515E6DF},31-07-08 0:00
96,10,adventure-works\elizabeth0,7AE9BC,4,Production Technician - WC50,26-02-84,M,F,03-04-03,FALSE,5,22,TRUE,{62A9F73F-6443-4F2F-B864-18186614BFB6},31-07-08 0:00
97,4155,adventure-works\mandar0,7AE9C2,4,Production Technician - WC50,21-04-80,S,M,14-03-03,FALSE,0,20,TRUE,{1F0E068A-48C5-40BF-8190-565150EFDADD},31-07-08 0:00
98,3384,adventure-works\sameer0,7AE9C6,4,Production Technician - WC50,27-07-72,M,M,15-03-03,FALSE,4,22,TRUE,{A703169F-1563-488E-914D-D784FD07F29A},31-07-08 0:00
99,3737,adventure-works\nuan0,7AE9CA,4,Production Technician - WC50,29-04-73,S,M,07-02-03,FALSE,2,21,TRUE,{A6089357-2F2F-48CC-AB3C-D9B75A3C09D7},31-07-08 0:00
100,4932,adventure-works\lolan0,7AE9CE,4,Production Technician - WC50,25-02-67,M,M,13-02-03,FALSE,7,23,TRUE,{9B9B768D-7CC1-4DCE-87CB-765AB73A6AFF},31-07-08 0:00
101,2238,adventure-works\houman0,7AE9D1,4,Production Technician - WC50,30-09-65,M,M,26-02-03,FALSE,3,21,TRUE,{9CE8B2E8-9944-4BA5-97DE-441D8314F161},31-07-08 0:00
102,219,adventure-works\zheng0,7AEA80,3,Production Supervisor - WC10,26-11-77,S,M,04-01-03,FALSE,66,53,TRUE,{C75F2740-ACE3-4EBF-91C5-7AB352E1095F},31-07-08 0:00
103,3041,adventure-works\ebru0,7AEAAC,4,Production Technician - WC10,23-10-80,S,M,07-01-04,FALSE,93,66,TRUE,{6C25A32B-88B5-4F84-A129-F7F688DFA588},31-07-08 0:00
104,4783,adventure-works\mary1,7AEAB4,4,Production Technician - WC10,20-10-80,M,F,26-01-04,FALSE,94,67,TRUE,{6DC9F7D0-5664-4E4A-90F5-7AB85EBB02E6},31-07-08 0:00
105,313,adventure-works\kevin2,7AEABC,4,Production Technician - WC10,20-10-80,S,M,26-01-04,FALSE,90,65,TRUE,{8B21E53D-E705-479A-B32E-6E63AC2F4BCD},31-07-08 0:00
106,1789,adventure-works\john4,7AEAC2,4,Production Technician - WC10,29-10-80,S,M,30-03-04,FALSE,92,66,TRUE,{D4CF23D9-21B6-45E4-827C-22890DF0373B},31-07-08 0:00
107,1452,adventure-works\christopher0,7AEAC6,4,Production Technician - WC10,01-11-80,M,M,11-03-04,FALSE,91,65,TRUE,{F71C6055-557B-4660-86FF-8C0FA14B24E6},31-07-08 0:00
108,4186,adventure-works\jinghao0,7AEB80,3,Production Supervisor - WC50,09-03-83,S,M,09-01-03,FALSE,77,58,TRUE,{2BCA07D3-F2AC-4406-904F-E09156F3EB3E},31-07-08 0:00
109,1099,adventure-works\alice0,7AEBAC,4,Production Technician - WC50,27-02-72,M,F,08-01-03,FALSE,95,67,TRUE,{7E632B21-0D11-4BBA-8A68-8CAE14C20AE6},31-07-08 0:00
110,3705,adventure-works\jun0,7AEBB4,4,Production Technician - WC50,06-08-73,S,M,15-01-03,FALSE,90,65,TRUE,{9C5F84D1-FB96-4D82-92A1-F932903DEAAD},31-07-08 0:00
111,889,adventure-works\suroor0,7AEBBC,4,Production Technician - WC50,28-03-72,S,M,18-01-03,FALSE,93,66,TRUE,{14010B0E-C101-4E41-B788-21923399E512},31-07-08 0:00
112,1867,adventure-works\john1,7AEBC2,4,Production Technician - WC50,01-07-72,S,M,02-02-03,FALSE,91,65,TRUE,{B6998410-EE0F-4307-9E6E-FE348F11012D},31-07-08 0:00
113,3932,adventure-works\linda0,7AEBC6,4,Production Technician - WC50,17-08-81,M,F,26-01-03,FALSE,96,68,TRUE,{FB84759C-B687-43B2-8727-125EFE0F5E13},31-07-08 0:00
114,2381,adventure-works\mindaugas0,7AEBCA,4,Production Technician - WC50,07-06-72,M,M,14-02-03,FALSE,97,68,TRUE,{1D784088-DACB-4185-9F60-3D2DB4925BA5},31-07-08 0:00
115,2586,adventure-works\angela0,7AEBCE,4,Production Technician - WC50,01-07-85,S,F,21-02-03,FALSE,92,66,TRUE,{4958E1C3-C872-4222-954E-09D2060EA7EF},31-07-08 0:00
116,4414,adventure-works\michael2,7AEBD1,4,Production Technician - WC50,03-06-68,S,M,04-03-03,FALSE,98,69,TRUE,{C6EB2566-CF28-4602-9A25-5B91C8728838},31-07-08 0:00
117,792,adventure-works\chad0,7AEBD3,4,Production Technician - WC50,04-09-84,M,M,22-03-03,FALSE,99,69,TRUE,{83A32D4C-4725-478F-9997-91739BB957BA},31-07-08 0:00
118,1000,adventure-works\don0,7AEBD5,4,Production Technician - WC50,14-07-65,M,M,17-03-03,FALSE,88,64,TRUE,{E720053D-922E-4C91-B81A-A1CA4EF8BB0E},31-07-08 0:00
119,1098,adventure-works\michael4,7AEBD7,4,Production Technician - WC50,17-07-83,S,M,29-03-03,FALSE,94,67,TRUE,{EB27C026-9470-4450-8D5E-1F38A41793B5},31-07-08 0:00
120,4065,adventure-works\kitti0,7AEBD9,4,Production Technician - WC50,07-07-81,S,F,05-04-03,FALSE,89,64,TRUE,{49A05524-FA34-45B1-95BC-489901DC5B50},31-07-08 0:00
121,4350,adventure-works\pilar0,7AEC80,3,Shipping and Receiving Supervisor,11-10-66,S,M,03-02-03,TRUE,93,66,TRUE,{01BCCE22-D63A-4C3F-9BA8-D3D5A4C3BD52},31-07-08 0:00
122,3973,adventure-works\susan0,7AECAC,4,Stocker,20-03-72,S,F,08-01-03,FALSE,97,68,TRUE,{923ECFD6-E202-429A-9141-6CB183531439},31-07-08 0:00
123,2832,adventure-works\vamsi0,7AECB4,4,Shipping and Receiving Clerk,19-04-71,M,M,08-01-03,FALSE,95,67,TRUE,{A8838AB2-99DE-415C-8675-D82EBF1C4752},31-07-08 0:00
124,4158,adventure-works\kim0,7AECBC,4,Stocker,01-06-78,S,F,27-01-03,FALSE,98,69,TRUE,{6150F197-7923-40D4-84F2-936207D468AB},31-07-08 0:00
125,2138,adventure-works\matthias0,7AECC2,4,Shipping and Receiving Clerk,13-12-67,M,M,21-02-03,FALSE,94,67,TRUE,{54ED63DC-C62C-4CC7-89C2-015DF49C49A5},31-07-08 0:00
126,3782,adventure-works\jimmy0,7AECC6,4,Stocker,05-06-79,M,M,30-03-03,FALSE,96,68,TRUE,{96442787-9520-4955-A457-38AFDDB6FF13},31-07-08 0:00
127,2814,adventure-works\david4,7AED80,3,Production Supervisor - WC40,02-08-77,S,M,04-02-03,FALSE,73,56,TRUE,{516538E8-115B-44F4-AA7B-E6C1D9F8ADFC},31-07-08 0:00
128,3340,adventure-works\paul0,7AEDAC,4,Production Technician - WC40,15-12-74,S,M,05-01-03,FALSE,68,54,TRUE,{0217049E-1566-42B6-8027-41B751E2B00B},31-07-08 0:00
129,5615,adventure-works\gary0,7AEDB4,4,Production Technician - WC40,17-06-82,S,M,23-01-03,FALSE,69,54,TRUE,{A03D6052-1F85-4EBE-AAC9-B67CFDCD91A6},31-07-08 0:00
130,688,adventure-works\rob1,7AEDBC,4,Production Technician - WC40,05-09-67,S,M,17-03-03,FALSE,71,55,TRUE,{54FDA597-6822-42B4-B128-63ECA03071F2},31-07-08 0:00
131,1891,adventure-works\baris0,7AEDC2,4,Production Technician - WC40,07-11-84,S,M,19-03-03,FALSE,72,56,TRUE,{232D68BF-DF58-48F9-9235-53BD4B009B4B},31-07-08 0:00
132,1037,adventure-works\nicole0,7AEDC6,4,Production Technician - WC40,10-05-80,M,F,26-03-03,FALSE,67,53,TRUE,{15671E3B-016F-41FD-840B-5A9F7D776D9A},31-07-08 0:00
133,5264,adventure-works\michael1,7AEDCA,4,Production Technician - WC40,04-02-85,S,M,11-02-03,FALSE,70,55,TRUE,{416BF905-7D6C-4692-8FD6-40F6C4F9ECC4},31-07-08 0:00
134,2426,adventure-works\eric0,7AEE80,3,Production Supervisor - WC20,20-02-79,M,M,15-02-03,FALSE,40,40,TRUE,{2ABCF39B-88D7-49FA-820A-83D223322BA5},31-07-08 0:00
135,5694,adventure-works\ivo0,7AEEAC,4,Production Technician - WC20,04-02-76,M,M,05-01-03,FALSE,9,24,TRUE,{D83A26F3-7EA7-477B-A5BB-7EAADFC13A09},31-07-08 0:00
136,3910,adventure-works\sylvester0,7AEEB4,4,Production Technician - WC20,13-12-64,M,M,12-01-04,FALSE,4,22,TRUE,{D9C43D08-3882-4E5C-BDF0-F6BD7004CD04},31-07-08 0:00
137,2185,adventure-works\anibal0,7AEEBC,4,Production Technician - WC20,06-10-68,S,F,27-03-03,FALSE,8,24,TRUE,{BC18A829-F0CE-4EAF-9785-2D84C86F925A},31-07-08 0:00
138,5524,adventure-works\samantha0,7AEEC2,4,Production Technician - WC20,23-12-81,M,F,08-03-03,FALSE,7,23,TRUE,{1629EDDD-D0AE-4CB9-A59C-3A175F7027E5},31-07-08 0:00
139,3567,adventure-works\hung-fu0,7AEEC6,4,Production Technician - WC20,23-11-65,S,M,07-02-04,FALSE,0,20,TRUE,{065D8D5F-9504-4FFE-98DC-E69677F19F15},31-07-08 0:00
140,1095,adventure-works\prasanna0,7AEECA,4,Production Technician - WC20,01-06-47,M,M,23-02-04,FALSE,5,22,TRUE,{72ED240A-0FD8-4423-8A49-9078BA6BCF6C},31-07-08 0:00
141,4611,adventure-works\min0,7AEECE,4,Production Technician - WC20,11-10-68,M,M,25-02-04,FALSE,1,20,TRUE,{CC75C35D-1566-43FA-B2E9-D1E508EFDCD1},31-07-08 0:00
142,4005,adventure-works\olinda0,7AEED1,4,Production Technician - WC20,05-05-64,S,F,04-04-04,FALSE,3,21,TRUE,{6456CEC3-9B1E-4EBC-9FD8-732B93363F65},31-07-08 0:00
143,1597,adventure-works\krishna0,7AEED3,4,Production Technician - WC20,06-10-65,S,M,16-03-04,FALSE,2,21,TRUE,{42A506A5-0AC0-4148-B702-BB7B804EF98C},31-07-08 0:00
144,1856,adventure-works\paul1,7AEED5,4,Production Technician - WC20,05-12-84,M,M,18-02-03,FALSE,6,23,TRUE,{DC5BA622-B860-41EE-AF92-5FEB4779B589},31-07-08 0:00
145,1525,adventure-works\cynthia0,7AEF80,3,Production Supervisor - WC30,19-09-75,S,F,28-02-03,FALSE,69,54,TRUE,{F9E1DC46-0D03-4A8A-B693-1A964BC13E6C},31-07-08 0:00
146,5781,adventure-works\jianshuo0,7AEFAC,4,Production Technician - WC30,27-08-77,S,M,08-01-03,FALSE,36,38,TRUE,{6FFF136A-9664-4EB9-9243-FAC76E21B9DD},31-07-08 0:00
147,4849,adventure-works\sandra0,7AEFB4,4,Production Technician - WC30,06-12-69,M,F,27-01-03,FALSE,37,38,TRUE,{F69F3FF9-E1E0-4419-A6BF-F705E1556160},31-07-08 0:00
148,4432,adventure-works\jason0,7AEFBC,4,Production Technician - WC30,08-01-83,S,M,15-02-03,FALSE,38,39,TRUE,{C16C501D-942D-4EB0-B5C4-EF8119FBEBA2},31-07-08 0:00
149,1813,adventure-works\andy0,7AEFC2,4,Production Technician - WC30,20-11-77,M,M,04-03-03,FALSE,39,39,TRUE,{615A6BFE-3046-4037-9764-238535F725BE},31-07-08 0:00
150,501,adventure-works\michael5,7AEFC6,4,Production Technician - WC30,19-10-76,M,M,30-03-03,FALSE,35,37,TRUE,{2B0876D4-8996-4E71-A613-BE2E98E7ACCF},31-07-08 0:00
151,2671,adventure-works\rostislav0,7AEFCA,4,Production Technician - WC30,15-10-71,M,M,23-03-03,FALSE,40,40,TRUE,{00027A8C-C2F8-4A31-ABA8-8A203638B8F1},31-07-08 0:00
152,1906,adventure-works\yuhong0,7AF044,3,Production Supervisor - WC20,08-05-71,M,M,05-03-03,FALSE,41,40,TRUE,{F1A684F4-02DB-4B22-8977-6D8D3A21100E},31-07-08 0:00
153,2084,adventure-works\hanying0,7AF04560,4,Production Technician - WC20,16-11-68,S,M,17-01-03,FALSE,15,27,TRUE,{618B71BC-6E8C-492D-8862-B9EFB7A4E06A},31-07-08 0:00
154,2452,adventure-works\raymond0,7AF045A0,4,Production Technician - WC20,02-04-61,M,M,24-01-03,FALSE,10,25,TRUE,{9F01E1FB-B893-40CC-9F5C-AAF89F9B7AF5},31-07-08 0:00
155,646,adventure-works\fadi0,7AF045E0,4,Production Technician - WC20,19-03-83,S,M,05-02-03,FALSE,16,28,TRUE,{9923376F-26D0-4845-9D99-CC3D696CAEB8},31-07-08 0:00
156,754,adventure-works\lane0,7AF04610,4,Production Technician - WC20,24-10-68,M,M,12-02-03,FALSE,11,25,TRUE,{042427B8-3883-4A87-A6A3-724EE1690F49},31-07-08 0:00
157,3307,adventure-works\linda1,7AF04630,4,Production Technician - WC20,06-11-71,S,F,07-03-03,FALSE,12,26,TRUE,{F963F913-449E-4EBB-BFDA-FC0C3010DB65},31-07-08 0:00
158,4509,adventure-works\shelley0,7AF04650,4,Production Technician - WC20,08-01-81,S,F,08-04-03,FALSE,14,27,TRUE,{13942056-2930-4490-83CE-AF2386D5A5E7},31-07-08 0:00
159,2652,adventure-works\terrence0,7AF04670,4,Production Technician - WC20,09-01-79,S,M,20-03-03,FALSE,13,26,TRUE,{4DA76442-5EEF-41FB-AE19-16C55714F9AD},31-07-08 0:00
160,5176,adventure-works\jeff0,7AF04C,3,Production Supervisor - WC45,16-02-71,M,M,22-02-03,FALSE,74,57,TRUE,{7C7D459E-1F49-427D-9BD5-DE31880C85DC},31-07-08 0:00
161,1328,adventure-works\kirk0,7AF04D60,4,Production Technician - WC45,10-03-79,S,M,16-01-03,FALSE,74,57,TRUE,{08D25BAA-167B-499C-8B51-31DCC856A8CF},31-07-08 0:00
162,1032,adventure-works\laura0,7AF04DA0,4,Production Technician - WC45,26-01-75,S,F,04-02-03,FALSE,75,57,TRUE,{FCCD65BA-2702-4409-AE56-75AF1710AC78},31-07-08 0:00
163,4041,adventure-works\alex0,7AF04DE0,4,Production Technician - WC45,14-05-84,M,M,12-03-03,FALSE,77,58,TRUE,{B96BC9C2-5A25-4A9B-887A-C7C10E47B80C},31-07-08 0:00
164,4613,adventure-works\andrew1,7AF04E10,4,Production Technician - WC45,26-10-82,S,M,07-04-03,FALSE,73,56,TRUE,{A2A2CF20-4E5C-45F7-A7BD-1B94F0C3A43A},31-07-08 0:00
165,4570,adventure-works\chris0,7AF04E30,4,Production Technician - WC45,17-01-83,M,M,23-02-03,FALSE,76,58,TRUE,{300223F3-5587-4230-909B-D9C4AFD6D683},31-07-08 0:00
166,3726,adventure-works\jack0,7AF054,3,Production Supervisor - WC30,23-07-77,S,M,25-03-03,FALSE,68,54,TRUE,{69A47230-70EE-48FD-AC15-C39F3712FF14},31-07-08 0:00
167,4467,adventure-works\david1,7AF05560,4,Production Technician - WC30,03-12-73,S,M,03-01-03,FALSE,25,32,TRUE,{ED7EE92E-A9D0-4E3A-8DEE-4B143E459F7E},31-07-08 0:00
168,3328,adventure-works\garrett0,7AF055A0,4,Production Technician - WC30,26-09-78,S,M,08-01-03,FALSE,34,37,TRUE,{A6F5F72F-AA03-41B7-8B6E-B123BD360753},31-07-08 0:00
169,5358,adventure-works\susan1,7AF055E0,4,Production Technician - WC30,03-05-77,S,F,15-01-03,FALSE,31,35,TRUE,{F73D75D5-B47B-46EE-AD11-7BF13DD6C55D},31-07-08 0:00
170,2692,adventure-works\george0,7AF05610,4,Production Technician - WC30,18-05-71,M,M,22-01-03,FALSE,26,33,TRUE,{01B119A2-2AF3-4775-818E-B421FECB07A7},31-07-08 0:00
171,1348,adventure-works\david3,7AF05630,4,Production Technician - WC30,04-09-75,S,M,03-02-03,FALSE,32,36,TRUE,{84C358D4-2493-452C-B7D6-B212C893A009},31-07-08 0:00
172,3841,adventure-works\marc0,7AF05650,4,Production Technician - WC30,24-11-80,M,M,17-02-03,FALSE,22,31,TRUE,{1F151ABC-DB4A-431A-8A5D-15F46C5B8FFC},31-07-08 0:00
173,1894,adventure-works\eugene0,7AF05670,4,Production Technician - WC30,15-08-81,S,M,22-02-03,FALSE,33,36,TRUE,{1BA1D374-18AE-48ED-938F-6F5D2EEC4D4D},31-07-08 0:00
174,283,adventure-works\benjamin0,7AF05688,4,Production Technician - WC30,06-02-80,S,M,28-02-03,FALSE,28,34,TRUE,{F1A6F824-895B-4A0F-AF1B-05FBA703E69F},31-07-08 0:00
175,1757,adventure-works\reed0,7AF05698,4,Production Technician - WC30,09-02-83,M,M,06-03-03,FALSE,23,31,TRUE,{B3967C00-7014-4960-AF15-B1A6D3094F6F},31-07-08 0:00
176,5421,adventure-works\david7,7AF056A8,4,Production Technician - WC30,25-10-79,M,M,18-03-03,FALSE,29,34,TRUE,{85AFB689-7EAB-41A8-B154-9446195D5BDE},31-07-08 0:00
177,1428,adventure-works\russell1,7AF056B8,4,Production Technician - WC30,14-03-76,M,M,25-03-03,FALSE,24,32,TRUE,{D54C7989-2675-4EF3-B392-370A8D264B2B},31-07-08 0:00
178,2111,adventure-works\john3,7AF056C8,4,Production Technician - WC30,24-04-76,S,M,04-04-03,FALSE,27,33,TRUE,{96C7EAB1-6DEA-4C59-AFD8-923F0E8DE1F6},31-07-08 0:00
179,116,adventure-works\jan0,7AF056D8,4,Production Technician - WC30,16-12-68,S,M,06-04-03,FALSE,30,35,TRUE,{975F827D-BE71-4EB1-8DBF-E6C451D1FAD5},31-07-08 0:00
180,4351,adventure-works\katie0,7AF05C,3,Production Supervisor - WC20,20-12-78,S,F,24-03-03,FALSE,42,41,TRUE,{5BE8B211-CBE5-45D8-84FD-23F36A881473},31-07-08 0:00
181,3509,adventure-works\michael0,7AF05D60,4,Production Technician - WC20,19-12-78,S,M,10-01-03,FALSE,20,30,TRUE,{4FD6FE82-535A-4DD1-BEB1-154A8B5E42F0},31-07-08 0:00
182,3212,adventure-works\nitin0,7AF05DA0,4,Production Technician - WC20,01-01-81,S,M,29-01-03,FALSE,21,30,TRUE,{EBBC6787-3F2D-4F6B-9EA3-4DEF02EF382E},31-07-08 0:00
183,2136,adventure-works\barbara0,7AF05DE0,4,Production Technician - WC20,02-08-73,M,F,23-02-03,FALSE,17,28,TRUE,{045C9CBB-3448-4599-9FA9-6C7A9F82F832},31-07-08 0:00
184,3134,adventure-works\john2,7AF05E10,4,Production Technician - WC20,06-05-80,M,M,13-03-03,FALSE,18,29,TRUE,{BAB69951-28AD-4BCA-B5AC-032746D0CC6F},31-07-08 0:00
185,5393,adventure-works\stefen0,7AF05E30,4,Production Technician - WC20,21-01-70,S,M,01-04-03,FALSE,19,29,TRUE,{B9EEBF9F-F694-4BC2-98EC-9B4FB0379EDF},31-07-08 0:00
186,857,adventure-works\shane0,7AF064,3,Production Supervisor - WC45,24-06-84,S,M,12-03-03,FALSE,75,57,TRUE,{2625C358-672A-4000-AD67-B8CD3F318285},31-07-08 0:00
187,5042,adventure-works\yvonne0,7AF06560,4,Production Technician - WC45,17-05-83,M,F,10-01-03,FALSE,79,59,TRUE,{83C6DABF-FD7D-4F5B-BB22-EB7EEBB9A772},31-07-08 0:00
188,5037,adventure-works\douglas0,7AF065A0,4,Production Technician - WC45,26-12-79,M,M,28-01-03,FALSE,80,60,TRUE,{1AB0EDEB-7558-4734-8423-5A11B44DCA35},31-07-08 0:00
189,3567,adventure-works\janeth0,7AF065E0,4,Production Technician - WC45,25-08-66,S,F,16-02-03,FALSE,81,60,TRUE,{8261B8CB-BC3F-4BCE-B364-86035D870263},31-07-08 0:00
190,714,adventure-works\robert0,7AF06610,4,Production Technician - WC45,01-04-79,S,M,06-03-03,FALSE,82,61,TRUE,{2203154E-5EBD-4ACA-99BE-D835A3309D03},31-07-08 0:00
191,4651,adventure-works\lionel0,7AF06630,4,Production Technician - WC45,15-04-82,S,M,30-03-03,FALSE,78,59,TRUE,{231B1798-F67B-45C1-9688-265180F93D28},31-07-08 0:00
192,1273,adventure-works\brenda0,7AF06C,3,Production Supervisor - WC40,31-03-77,M,F,06-04-03,FALSE,71,55,TRUE,{714D519B-375E-4C5A-8491-C758D00CF95F},31-07-08 0:00
193,1188,adventure-works\alejandro0,7AF06D60,4,Production Technician - WC40,06-01-83,S,M,07-01-03,FALSE,52,46,TRUE,{8C7321D2-2C64-4902-9D64-8F5C1EB7F747},31-07-08 0:00
194,3827,adventure-works\fred0,7AF06DA0,4,Production Technician - WC40,27-07-83,S,M,13-01-03,FALSE,47,43,TRUE,{45358AE8-0B0E-4C11-90BB-DAC3EC0D5C82},31-07-08 0:00
195,560,adventure-works\kevin1,7AF06DE0,4,Production Technician - WC40,26-01-80,S,M,18-01-03,FALSE,58,49,TRUE,{DC7E95FF-275E-41C2-8ED3-686864F0540A},31-07-08 0:00
196,1606,adventure-works\shammi0,7AF06E10,4,Production Technician - WC40,05-11-74,M,M,25-01-03,FALSE,53,46,TRUE,{9BEF0C94-7969-4905-9A42-CE469C754800},31-07-08 0:00
197,2959,adventure-works\rajesh0,7AF06E30,4,Production Technician - WC40,05-11-71,M,M,01-02-03,FALSE,48,44,TRUE,{ACA7B40C-7AC0-4DAA-B4C7-1051D850D7D9},31-07-08 0:00
198,2986,adventure-works\lorraine0,7AF06E50,4,Production Technician - WC40,28-12-82,M,F,05-02-03,FALSE,49,44,TRUE,{A63966B6-9AD6-40BC-AFD4-A83745879F4D},31-07-08 0:00
199,983,adventure-works\paula1,7AF06E70,4,Production Technician - WC40,13-03-81,M,F,13-02-03,FALSE,54,47,TRUE,{5DD2BE46-204F-4AF3-91F5-5EF082F6D6A6},31-07-08 0:00
200,3480,adventure-works\frank0,7AF06E88,4,Production Technician - WC40,07-10-81,M,M,18-02-03,FALSE,56,48,TRUE,{DD9AD278-ED17-40CF-8619-BAF1BB9D1CF2},31-07-08 0:00
201,3557,adventure-works\brian0,7AF06E98,4,Production Technician - WC40,14-03-71,S,M,02-03-03,FALSE,55,47,TRUE,{18D594A8-B4ED-43C0-9C43-6033FEAADF4E},31-07-08 0:00
202,1545,adventure-works\tawana0,7AF06EA8,4,Production Technician - WC40,12-12-83,S,M,09-03-03,FALSE,50,45,TRUE,{BB4A3E50-232E-4212-9FAF-E67429FEBC7D},31-07-08 0:00
203,1628,adventure-works\ken1,7AF06EB8,4,Production Technician - WC40,29-06-75,M,M,28-03-03,FALSE,51,45,TRUE,{699C00D8-C4AB-4CD2-A48F-37CBCB5BFCCA},31-07-08 0:00
204,4865,adventure-works\gabe0,7AF06EC8,4,Production Technician - WC40,11-06-82,M,M,09-04-03,FALSE,57,48,TRUE,{790C9A7C-264C-4D48-A9D3-E2571A8011D8},31-07-08 0:00
205,5010,adventure-works\lori0,7AF074,3,Production Supervisor - WC45,19-08-74,S,F,30-03-03,FALSE,76,58,TRUE,{23D436FC-08F7-4988-8B4D-490AA4E8B7E7},31-07-08 0:00
206,186,adventure-works\stuart0,7AF07560,4,Production Technician - WC45,14-10-56,S,M,03-01-03,FALSE,84,62,TRUE,{4F361B4F-7920-4037-9A0A-46D616F9B9C7},31-07-08 0:00
207,2660,adventure-works\greg0,7AF075A0,4,Production Technician - WC45,18-11-64,S,M,03-01-03,FALSE,85,62,TRUE,{A36B5D6B-72A5-47F8-9F6B-5D922130E760},31-07-08 0:00
208,3395,adventure-works\scott0,7AF075E0,4,Production Technician - WC45,13-03-81,M,M,09-02-03,FALSE,86,63,TRUE,{E35DA50A-BB51-4E08-8B8D-87EF4650247A},31-07-08 0:00
209,3546,adventure-works\kathie0,7AF07610,4,Production Technician - WC45,02-12-84,M,F,28-02-03,FALSE,87,63,TRUE,{25FC84D7-E013-44B8-82CD-63CD4723AF81},31-07-08 0:00
210,3015,adventure-works\belinda0,7AF07630,4,Production Technician - WC45,19-10-63,S,F,24-03-03,FALSE,83,61,TRUE,{F714B5EC-CA7C-4E6E-A812-2C5A119F4C30},31-07-08 0:00
211,1929,adventure-works\hazem0,7B40,2,Quality Assurance Manager,27-11-71,S,M,01-04-03,TRUE,80,60,TRUE,{05C84608-F445-4F9D-BB5C-0828C309C29D},17:08.6
212,2421,adventure-works\peng0,7B56,3,Quality Assurance Supervisor,19-04-70,M,M,10-01-03,TRUE,81,60,TRUE,{E249D613-36C9-4544-9B6F-6CE50E5E0DA5},31-07-08 0:00
213,644,adventure-works\sootha0,7B56B0,4,Quality Assurance Technician,05-01-61,M,M,26-03-04,FALSE,85,62,TRUE,{A3DADF19-27F0-460A-9888-CE6CAA9E3583},31-07-08 0:00
214,1656,adventure-works\andreas0,7B56D0,4,Quality Assurance Technician,29-04-83,M,M,06-03-03,FALSE,84,62,TRUE,{F4DDD64F-DFFE-4DF3-AA17-D6BEA1924818},31-07-08 0:00
215,943,adventure-works\mark0,7B56F0,4,Quality Assurance Technician,31-05-80,S,M,16-02-03,FALSE,83,61,TRUE,{6B63EF27-2C55-4F4C-BE29-FCE8B694DC4A},31-07-08 0:00
216,783,adventure-works\sean0,7B5708,4,Quality Assurance Technician,07-04-70,S,M,29-01-03,FALSE,82,61,TRUE,{34E128CF-D904-4327-8014-9DF0D5DE7D08},31-07-08 0:00
217,763,adventure-works\zainal0,7B5A,3,Document Control Manager,02-03-70,M,M,05-02-03,FALSE,77,58,TRUE,{DC60EEED-9F9F-4435-8666-4DE4FAFDE9C3},31-07-08 0:00
218,4998,adventure-works\tengiz0,7B5AB0,4,Control Specialist,29-05-84,S,M,17-01-03,FALSE,76,58,TRUE,{C609B3B2-7969-410C-934C-62C34B63C4EE},31-07-08 0:00
219,1134,adventure-works\sean1,7B5AD0,4,Document Control Assistant,12-04-81,S,M,23-02-03,FALSE,78,59,TRUE,{F78657A9-83EF-4B4D-9809-3C4C6D1A7BB4},31-07-08 0:00
220,3463,adventure-works\karen0,7B5AF0,4,Document Control Assistant,25-01-70,M,F,13-03-03,FALSE,79,59,TRUE,{8A41ED23-7AE2-4C15-AA5D-9496E721F848},31-07-08 0:00
221,5547,adventure-works\chris1,7B5B08,4,Control Specialist,26-06-81,M,M,07-04-03,FALSE,75,57,TRUE,{45C358FB-9C7F-4D36-8EC7-3D89E9FD07F4},31-07-08 0:00
222,2319,adventure-works\ascott0,7BC0,2,Master Scheduler,19-10-62,S,M,13-01-03,FALSE,44,42,TRUE,{13909262-4136-492F-BCA3-0B0E3773B03E},17:08.6
223,5171,adventure-works\sairaj0,7BD6,3,Scheduling Assistant,22-01-82,M,M,27-02-03,FALSE,46,43,TRUE,{4D36A720-CE32-4C47-866A-DB7844449309},31-07-08 0:00
224,194,adventure-works\william0,7BDA,3,Scheduling Assistant,08-12-75,M,M,08-02-03,FALSE,45,42,TRUE,{1A68CD62-6FE9-4613-90D4-2CD178E4E54A},31-07-08 0:00
225,5275,adventure-works\alan0,7BDE,3,Scheduling Assistant,30-04-78,M,M,17-03-03,FALSE,47,43,TRUE,{DE321854-B076-4D59-BB7B-42152031B108},31-07-08 0:00
226,2332,adventure-works\brian1,7BE1,3,Scheduling Assistant,12-09-78,M,M,04-04-03,FALSE,48,44,TRUE,{DFA02733-C26E-4E31-99D8-9167E4E5131D},31-07-08 0:00
227,2866,adventure-works\gary1,7C20,2,Facilities Manager,21-03-65,M,M,03-01-04,TRUE,86,63,TRUE,{62F6EC59-5635-44F3-9CC1-2D8EEAF90A05},31-07-08 0:00
228,4018,adventure-works\christian0,7C2B,3,Maintenance Supervisor,18-02-70,M,M,15-01-03,TRUE,92,66,TRUE,{4611C7C5-90A0-407F-B054-93BD51533609},31-07-08 0:00
229,2297,adventure-works\lori1,7C2B58,4,Janitor,31-08-64,M,F,19-03-04,FALSE,90,65,TRUE,{929FE187-EE24-4F5F-AF2A-F96324F09423},31-07-08 0:00
230,2418,adventure-works\stuart1,7C2B68,4,Janitor,17-01-66,M,M,05-04-04,FALSE,88,64,TRUE,{CC2791E6-7629-49C5-922A-81445AFDF033},31-07-08 0:00
231,3383,adventure-works\jo1,7C2B78,4,Janitor,25-05-48,M,F,07-04-04,FALSE,91,65,TRUE,{39AF5CCA-9B52-41E5-B510-72901D2578F6},31-07-08 0:00
232,984,adventure-works\pat0,7C2B84,4,Janitor,03-01-65,S,M,28-02-04,FALSE,89,64,TRUE,{49238447-30EE-4009-993F-0B6C756AB436},31-07-08 0:00
233,449,adventure-works\magnus0,7C2D,3,Facilities Administrative Assistant,27-09-65,M,M,22-01-04,FALSE,87,63,TRUE,{0A4BCC09-ACE5-4481-9067-8B9ED70ECA18},31-07-08 0:00
234,875,adventure-works\laura1,84,1,Chief Financial Officer,06-02-70,M,F,04-03-03,TRUE,0,20,TRUE,{D5E315A6-BD65-4D67-9D5F-81EF5C4EF8A6},31-07-08 0:00
235,3331,adventure-works\paula0,8560,2,Human Resources Manager,14-03-70,M,F,07-01-03,TRUE,54,47,TRUE,{65028F15-4149-4DE5-B203-9D7EC86BAF87},31-07-08 0:00
236,3436,adventure-works\grant0,856B,3,Human Resources Administrative Assistant,18-05-70,S,M,29-03-03,FALSE,53,46,TRUE,{4511ABBA-7F34-400E-907B-A663C20E1A41},31-07-08 0:00
237,1491,adventure-works\hao0,856D,3,Human Resources Administrative Assistant,19-05-71,S,M,10-03-03,FALSE,52,46,TRUE,{FD53C4C8-B34E-460F-9EE5-747B07FE98B3},31-07-08 0:00
238,4034,adventure-works\vidur0,856F,3,Recruiter,02-09-78,S,M,02-02-03,FALSE,50,45,TRUE,{47E76B59-B137-4572-AD55-6B3E68C13BD3},31-07-08 0:00
239,3563,adventure-works\mindy0,857080,3,Benefits Specialist,22-12-78,M,F,26-01-03,FALSE,51,45,TRUE,{834D7AB6-06E6-4944-B42F-028CD4BD388E},31-07-08 0:00
240,5341,adventure-works\willis0,857180,3,Recruiter,18-08-72,S,M,14-01-03,FALSE,49,44,TRUE,{A1D86ECC-EA17-4B1B-8369-F1D07AB0A469},31-07-08 0:00
241,3429,adventure-works\david6,85A0,2,Accounts Manager,08-08-77,M,M,03-03-03,TRUE,57,48,TRUE,{2DC9D534-F5D1-4A14-8282-0A2A0EB6FD4D},31-07-08 0:00
242,2417,adventure-works\deborah0,85AB,3,Accounts Receivable Specialist,07-04-70,M,F,19-01-03,FALSE,60,50,TRUE,{09F75454-028C-46CA-BC08-0147BD0220D7},31-07-08 0:00
243,4577,adventure-works\candy0,85AD,3,Accounts Receivable Specialist,26-03-70,S,F,07-02-03,FALSE,61,50,TRUE,{9E9F713B-707C-4F7E-9504-DE188052A045},31-07-08 0:00
244,5808,adventure-works\bryan1,85AF,3,Accounts Receivable Specialist,22-10-78,S,M,25-02-03,FALSE,62,51,TRUE,{CB3E71EC-A381-4716-87DF-D3841AB9795A},31-07-08 0:00
245,194,adventure-works\barbara1,85B080,3,Accountant,04-02-70,M,F,22-03-03,TRUE,58,49,TRUE,{3FFBA84E-8E97-4649-A5E1-859649D83AAE},31-07-08 0:00
246,1594,adventure-works\dragan0,85B180,3,Accounts Payable Specialist,18-03-71,M,M,15-03-03,FALSE,63,51,TRUE,{51C54D34-064B-44F7-A6B1-7702BD491980},31-07-08 0:00
247,3546,adventure-works\janet0,85B280,3,Accounts Payable Specialist,09-04-73,M,F,02-04-03,FALSE,64,52,TRUE,{0C641D77-8675-493F-9947-8C65136559CD},31-07-08 0:00
248,123,adventure-works\mike0,85B380,3,Accountant,01-08-73,S,M,09-04-03,TRUE,59,49,TRUE,{AC35337D-7C75-4DEE-BB11-6564F257FE18},31-07-08 0:00
249,4802,adventure-works\wendy0,8.50E+01,2,Finance Manager,12-11-78,S,F,26-01-03,TRUE,55,47,TRUE,{8F410408-4AA8-4D67-886D-530BFE4EBE3B},31-07-08 0:00
250,4146,adventure-works\sheela0,85EB,3,Purchasing Manager,13-03-72,S,F,28-03-05,TRUE,49,44,TRUE,{7D6B0155-0191-4599-8394-378EBDE63C9A},31-07-08 0:00
251,1593,adventure-works\mikael0,85EB58,4,Buyer,18-09-78,S,M,14-03-03,FALSE,59,49,TRUE,{D0FD55FF-42FA-491E-8B3B-AB3316018909},31-07-08 0:00
252,3299,adventure-works\arvind0,85EB68,4,Buyer,21-09-68,M,M,01-04-03,FALSE,60,50,TRUE,{51DE26F0-6ED9-4A70-B689-88EB882674B6},31-07-08 0:00
253,3634,adventure-works\linda2,85EB78,4,Buyer,31-12-64,M,F,18-01-04,FALSE,56,48,TRUE,{ED06F9F4-2123-4C44-89D7-E43E1E1ABC2F},31-07-08 0:00
254,5664,adventure-works\fukiko0,85EB84,4,Buyer,25-12-64,M,M,05-02-04,FALSE,57,48,TRUE,{36CD6636-C657-4FC7-9BFA-CC1BFA9102A2},31-07-08 0:00
255,3477,adventure-works\gordon0,85EB8C,4,Buyer,30-12-60,M,M,12-02-04,FALSE,52,46,TRUE,{2CB2D5C3-C437-49B1-9FFD-FAA096F6126F},31-07-08 0:00
256,2011,adventure-works\frank2,85EB94,4,Buyer,13-06-46,M,M,24-02-04,FALSE,58,49,TRUE,{0423D8D0-1B14-4718-8C17-85E2F98D222F},31-07-08 0:00
257,1166,adventure-works\eric2,85EB9C,4,Buyer,19-10-66,S,M,28-02-04,FALSE,54,47,TRUE,{A28AB377-06F5-417A-A5E2-59F459088699},31-07-08 0:00
258,383,adventure-works\erin0,85EBA2,4,Buyer,04-02-65,S,F,03-03-04,FALSE,53,46,TRUE,{B60712A9-50A5-4296-B892-69C4701834B0},31-07-08 0:00
259,1646,adventure-works\ben0,85EBA6,4,Buyer,05-07-67,M,M,09-04-04,FALSE,55,47,TRUE,{B9641CAE-765C-4662-B760-C167A1F2B8B5},31-07-08 0:00
260,1267,adventure-works\annette0,85EBAA,4,Purchasing Assistant,01-03-72,M,F,06-01-05,FALSE,50,45,TRUE,{9E03395F-4D5D-4A53-880E-174BD8C1DB59},31-07-08 0:00
261,2646,adventure-works\reinout0,85EBAE,4,Purchasing Assistant,18-02-72,M,M,25-01-05,FALSE,51,45,TRUE,{9825EB00-8E36-4506-93A2-6DDCDC0B13C3},31-07-08 0:00
262,4954,adventure-works\david5,8610,2,Assistant to the Chief Financial Officer,23-07-58,S,M,13-02-03,FALSE,56,48,TRUE,{BE81FD77-428C-449F-AB79-48B1CDF53D6A},31-07-08 0:00
263,2416,adventure-works\jean0,8C,1,Information Services Manager,13-01-70,S,F,12-01-03,TRUE,65,52,TRUE,{794A0B1F-C46A-401C-984D-008996FC7092},31-07-08 0:00
264,2178,adventure-works\stephanie0,8D60,2,Network Manager,26-04-78,S,F,08-03-03,TRUE,68,54,TRUE,{221CBB7B-8BAE-452B-A16F-A67EBB3873C8},31-07-08 0:00
265,4218,adventure-works\ashvini0,8D6B,3,Network Administrator,28-04-71,S,M,05-01-03,FALSE,70,55,TRUE,{2E680C1C-7C02-4343-9626-6F97273414C0},31-07-08 0:00
266,2828,adventure-works\peter1,8D6D,3,Network Administrator,29-06-74,S,M,27-03-03,FALSE,69,54,TRUE,{86601E6A-6955-40FC-BB4A-1053A843CE99},31-07-08 0:00
267,1798,adventure-works\karen1,8DA0,2,Application Specialist,19-06-72,S,F,20-03-03,TRUE,74,57,TRUE,{45C3D0F5-3332-419D-AD40-A98996BB5531},31-07-08 0:00
268,5263,adventure-works\ramesh0,8DE0,2,Application Specialist,14-04-82,S,M,07-03-03,TRUE,73,56,TRUE,{BE190269-4003-4D7F-809E-7B3FDC235DA8},31-07-08 0:00
269,88,adventure-works\dan0,8.00E+10,2,Application Specialist,28-07-75,M,M,12-02-03,TRUE,72,56,TRUE,{71B0D010-5AC5-4E91-8EFA-C311C1372A73},31-07-08 0:00
270,2434,adventure-works\franï¿½ois0,8.00E+30,2,Database Administrator,17-06-69,S,M,18-02-03,TRUE,67,53,TRUE,{0C7F025D-8D56-48EF-86C0-F09DB63D0182},31-07-08 0:00
271,5567,adventure-works\dan1,8.00E+50,2,Database Administrator,06-02-70,M,M,23-02-03,TRUE,66,53,TRUE,{2474E1A9-902D-466C-B0B2-6DCAC927F753},31-07-08 0:00
272,2995,adventure-works\janaina0,8.00E+70,2,Application Specialist,03-03-79,M,F,24-01-03,TRUE,71,55,TRUE,{241535C7-7A31-4A6A-9E0D-A83C30C2EDDA},31-07-08 0:00
273,5750,adventure-works\brian3,94,1,Vice President of Sales,08-07-71,S,M,18-03-05,TRUE,10,25,TRUE,{F3EC557C-8B41-4EE6-BB0C-E3B93AFF81E5},31-07-08 0:00
274,1403,adventure-works\stephen0,9560,2,North American Sales Manager,17-11-45,M,M,04-02-05,TRUE,14,27,TRUE,{86D5FA9E-4BC0-48C8-91DC-1EC467418D11},31-07-08 0:00
275,634,adventure-works\michael9,956B,3,Sales Representative,26-01-63,S,M,01-07-05,TRUE,38,39,TRUE,{E19F8DE2-0F40-418C-84A2-DB48B98DC6A2},31-07-08 0:00
276,1305,adventure-works\linda3,956D,3,Sales Representative,30-03-74,M,F,01-07-05,TRUE,27,33,TRUE,{4509F387-D73A-43DC-A502-B1C27AA1DC9E},31-07-08 0:00
277,3310,adventure-works\jillian0,956F,3,Sales Representative,29-09-56,S,F,01-07-05,TRUE,24,32,TRUE,{A011C97B-081C-4739-996F-C1CAC4532F8D},31-07-08 0:00
278,2520,adventure-works\garrett1,957080,3,Sales Representative,07-03-69,M,M,01-07-05,TRUE,33,36,TRUE,{50EECC16-0D0D-43A9-9649-016C06DE8D78},31-07-08 0:00
279,5696,adventure-works\tsvi0,957180,3,Sales Representative,19-02-68,M,M,01-07-05,TRUE,29,34,TRUE,{BB510FCE-0105-4306-B591-6450D9EBF401},31-07-08 0:00
280,4625,adventure-works\pamela0,957280,3,Sales Representative,06-01-69,S,F,01-07-05,TRUE,22,31,TRUE,{7627B9D6-0707-4706-9AD9-0D37506B08AE},31-07-08 0:00
281,3744,adventure-works\shu0,957380,3,Sales Representative,10-04-62,M,M,01-07-05,TRUE,26,33,TRUE,{4103C891-37E8-4DFC-AEAC-B55E2BC1BE1C},31-07-08 0:00
282,2455,adventure-works\josï¿½1,957440,3,Sales Representative,11-01-58,M,M,01-07-05,TRUE,31,35,TRUE,{FD3992FB-3067-451D-A09D-73BD53C0FECA},31-07-08 0:00
283,2933,adventure-works\david8,9574C0,3,Sales Representative,14-03-68,S,M,01-07-05,TRUE,23,31,TRUE,{1E8F9E91-508F-4D49-ACD2-775C836030ED},31-07-08 0:00
284,1155,adventure-works\tete0,957540,3,Sales Representative,06-02-72,M,M,01-11-06,TRUE,39,39,TRUE,{0C67CE00-DE78-4712-908F-06939A2C58D5},31-07-08 0:00
285,5302,adventure-works\syed0,95A0,2,Pacific Sales Manager,11-02-69,M,M,15-04-07,TRUE,20,30,TRUE,{86F292DB-B73C-429D-9912-800994D809FB},31-07-08 0:00
286,4274,adventure-works\lynn0,95AB,3,Sales Representative,18-04-65,S,F,01-07-07,TRUE,36,38,TRUE,{4A9A8407-A680-4A6B-8D03-511CB58F9A8A},31-07-08 0:00
287,4077,adventure-works\amy0,9.50E+01,2,European Sales Manager,22-10-51,M,F,18-05-06,TRUE,21,30,TRUE,{66D66445-EE78-4676-9E66-0E22D6109A92},31-07-08 0:00
288,4165,adventure-works\rachel0,95EB,3,Sales Representative,09-08-69,S,F,01-07-07,TRUE,35,37,TRUE,{B9BF7741-E0CA-4F37-ACDE-A4F78C6D03E9},31-07-08 0:00
289,5274,adventure-works\jae0,95ED,3,Sales Representative,18-04-62,M,F,01-07-06,TRUE,37,38,TRUE,{723A5921-D8A1-4659-9BC4-13C4CF7C9C91},31-07-08 0:00
290,2450,adventure-works\ranjit0,95EF,3,Sales Representative,31-10-69,S,M,01-07-06,TRUE,34,37,TRUE,{604213F9-DD0F-43B4-BDD2-C96E93D3F4BF},31-07-08 0:00
